,brand_name,shirt_name,price,percentageoff,flipkart_assured,deal
0,JACKBELLA,Men Regular Fit Self Design Spread Collar Casual Shirt,₹278,81% off,,Hot Deal
1,RODEIZ,Men Slim Fit Striped Spread Collar Casual Shirt,₹260,82% off,,
2,METRONAUT,Men Regular Fit Printed Spread Collar Casual Shirt,₹299,80% off,,Hot Deal
3,HKV FASHION,Men Regular Fit Striped Spread Collar Casual Shirt,₹240,87% off,,Hot Deal
4,CAMPUS SUTRA,Men Solid Round Neck Polyester Black T-Shirt,₹408,65% off,,Only few left
5,METRONAUT,Men Regular Fit Solid Spread Collar Casual Shirt,₹276,80% off,,Hot Deal
6,BRIGHTKRAFTS,Men Printed Round Neck Cotton Blend Beige T-Shirt,₹199,80% off,,
7,annnackel,Men Graphic Print Round Neck Reversible Pure Cotton Bla...,₹178,88% off,,Hot Deal
8,Kook N Keech Disney,Men Oversized Fit Printed Party Shirt,₹569,75% off,,Only few left
9,Magneto,Men Printed Round Neck Pure Cotton Black T-Shirt,₹278,78% off,,Hot Deal
10,COMBRAIDED,Men Regular Fit Self Design Cut Away Collar Casual Shir...,₹258,87% off,,Hot Deal
11,SGA FASION,Men Printed Round Neck Reversible Cotton Blend Black T-...,₹385,61% off,,Only 5 left
12,TripBroz,Men Printed Round Neck Cotton Blend Red T-Shirt,₹198,86% off,,Hot Deal
13,METRONAUT,Men Regular Fit Solid Spread Collar Casual Shirt,₹273,80% off,,Hot Deal
14,JACKBELLA,Men Regular Fit Self Design Spread Collar Casual Shirt,₹265,82% off,,Hot Deal
15,Jai Textiles,Men Slim Fit Checkered Spread Collar Casual Shirt,₹263,86% off,,Hot Deal
16,javier,Men Regular Fit Solid Button Down Collar Casual Shirt,₹302,76% off,,Hot Deal
17,Benny Brooks,Men Graphic Print Round Neck Cotton Blend Black T-Shirt,₹325,70% off,,Only few left
18,Leotude,Men Printed Round Neck Cotton Blend Green T-Shirt,₹299,72% off,,Only few left
19,INDICLUB,Men Regular Fit Self Design Spread Collar Formal Shirt,₹416,58% off,,Only few left
20,Paralians,Men Relaxed Fit Fit Self Design Mandarin Collar Casual ...,₹167,87% off,,Hot Deal
21,Povaxpo,Men Graphic Print Round Neck Cotton Blend Navy Blue T-S...,₹241,75% off,,Only few left
22,METRONAUT,Men Regular Fit Printed Spread Collar Casual Shirt,₹299,80% off,,Hot Deal
23,JACKBELLA,Men Regular Fit Self Design Spread Collar Casual Shirt,₹265,82% off,,Hot Deal
24,THEBOYS,Men Printed Round Neck Cotton Blend Purple T-Shirt,₹163,85% off,,Only few left
25,Kook N Keech,Men Striped Round Neck Pure Cotton Black T-Shirt,₹273,69% off,,Only few left
26,ERAGON FASHION,Men Graphic Print Round Neck Cotton Blend Black T-Shirt,₹175,82% off,,Only few left
27,COMBRAIDED,Men Regular Fit Self Design Cut Away Collar Casual Shir...,₹258,87% off,,Hot Deal
28,RODEIZ,Men Slim Fit Striped Spread Collar Casual Shirt,₹260,82% off,,
29,BEING WANTED,"Men Solid Round Neck Pure Cotton Black, White T-Shirt",₹431,74% off,,Hot Deal
30,JACKBELLA,Men Regular Fit Self Design Spread Collar Casual Shirt,₹278,81% off,,Hot Deal
31,TripBroz,Men Solid Round Neck Cotton Blend Black T-Shirt,₹180,88% off,,Only few left
32,Jai Textiles,Men Slim Fit Checkered Mandarin Collar Casual Shirt,₹360,81% off,,Only few left
33,Jump Cuts,Men Printed Polo Neck Cotton Blend Beige T-Shirt,₹389,78% off,,Only few left
34,Force,Men Printed Round Neck Cotton Blend Black T-Shirt,₹222,88% off,,Hot Deal
35,FUBAR,Men Slim Fit Solid Mandarin Collar Casual Shirt,₹243,87% off,,Hot Deal
36,HERE&NOW,Men Regular Fit Solid Casual Shirt,₹539,71% off,,
37,JACKBELLA,Men Regular Fit Self Design Spread Collar Casual Shirt,₹278,81% off,,Hot Deal
38,HADAR,Men Self Design Round Neck Cotton Blend Black T-Shirt,₹202,89% off,,Only few left
39,RODEIZ,Men Slim Fit Striped Spread Collar Casual Shirt,₹255,76% off,,Hot Deal
40,RODEIZ,Men Slim Fit Striped Spread Collar Casual Shirt,₹255,76% off,,Hot Deal
41,annnackel,Men Printed Round Neck Cotton Blend Black T-Shirt,₹224,85% off,,Only few left
42,DEEMOON,Men Regular Fit Solid Button Down Collar Casual Shirt,₹455,81% off,,Only few left
43,Snitch,Men Relaxed Fit Fit Solid Spread Collar Casual Shirt,₹999,50% off,,"Buy 2 items, save extra 5%"
44,Crazybee tshirts,Men Graphic Print Round Neck Cotton Blend Multicolor T-...,₹216,78% off,,Hot Deal
45,Magneto,Men Printed Round Neck Pure Cotton Red T-Shirt,₹280,78% off,,Hot Deal
46,JACKBELLA,Men Regular Fit Self Design Spread Collar Casual Shirt,₹265,82% off,,Hot Deal
47,RPGARMENT,Men Solid Round Neck Cotton Blend Black T-Shirt,₹216,81% off,,Hot Deal
48,SRGI,Men Slim Fit Striped Casual Shirt,₹217,85% off,,Hot Deal
49,Magneto,Men Printed Round Neck Cotton Blend Black T-Shirt,₹280,71% off,,Only few left
50,Conway,Men Printed Round Neck Cotton Blend Black T-Shirt,₹216,67% off,,Hot Deal
51,WOXEN,Men Regular Fit Checkered Spread Collar Casual Shirt,₹352,85% off,,Hot Deal
52,javier,Men Regular Fit Solid Button Down Collar Casual Shirt,₹301,76% off,,Hot Deal
53,HipHopTrends,Men Self Design Round Neck Cotton Blend Red T-Shirt,₹225,54% off,,Only few left
54,ERAGON FASHION,Men Graphic Print Round Neck Cotton Blend Purple T-Shir...,₹210,78% off,,Hot Deal
55,BLUE SQUAD,Men Slim Fit Solid Spread Collar Casual Shirt,₹556,72% off,,Hot Deal
56,EIGHTEEN UP,Men Slim Fit Checkered Spread Collar Casual Shirt,₹360,81% off,,Only few left
57,Magneto,Men Printed Round Neck Cotton Blend Brown T-Shirt,₹337,66% off,,Only few left
58,annnackel,Men Graphic Print Round Neck Cotton Blend Black T-Shirt,₹178,88% off,,Only few left
59,annnackel,Men Typography Cowl Neck Pure Cotton Black T-Shirt,₹199,86% off,,Hot Deal
60,METRONAUT,Men Regular Fit Solid Spread Collar Casual Shirt,₹358,82% off,,"Buy 2 items, save extra 5%"
61,Fashion Tex,Men Self Design Round Neck Cotton Blend Black T-Shirt,₹203,59% off,,Only few left
62,HADAR,Men Graphic Print Round Neck Cotton Blend Black T-Shirt,₹236,88% off,,Only few left
63,UrGear,Men Solid Round Neck Cotton Blend Red T-Shirt,₹212,78% off,,
64,Fabfashion,Men Printed Round Neck Cotton Blend Purple T-Shirt,₹203,79% off,,Only few left
65,WOXEN,Men Regular Fit Checkered Spread Collar Casual Shirt,₹340,86% off,,Hot Deal
66,METRONAUT,Men Regular Fit Self Design Spread Collar Casual Shirt,₹266,82% off,,Hot Deal
67,UNNIBERRY,Men Striped Polo Neck Cotton Blend Light Blue T-Shirt,₹378,74% off,,Hot Deal
68,Jai Textiles,Men Slim Fit Checkered Spread Collar Casual Shirt,₹340,82% off,,Hot Deal
69,MAA UMA,Men Regular Fit Self Design Spread Collar Casual Shirt,₹385,70% off,,Hot Deal
70,HADAR,Men Graphic Print Round Neck Cotton Blend Brown T-Shirt,₹240,87% off,,Hot Deal
71,annnackel,Men Graphic Print Round Neck Pure Cotton Grey T-Shirt,₹199,86% off,,Hot Deal
72,Crazybee,Men Graphic Print Round Neck Pure Cotton Beige T-Shirt,₹215,78% off,,Hot Deal
73,Beaumen,"Men Printed, Typography, Graphic Print Round Neck Cotto...",₹225,88% off,,Hot Deal
74,CAMPUS SUTRA,Men Regular Fit Checkered Spread Collar Casual Shirt,₹479,70% off,,Hot Deal
75,SHOOLIN,Men Regular Fit Self Design Spread Collar Casual Shirt,₹316,84% off,,Hot Deal
76,SIXTEENLINES,Men Printed Round Neck Pure Cotton Black T-Shirt,₹170,82% off,,Hot Deal
77,TripBroz,Men Printed Round Neck Cotton Blend Maroon T-Shirt,₹208,86% off,,Hot Deal
78,NAUGHTY MEN,Men Printed Round Neck Pure Cotton Multicolor T-Shirt,₹275,81% off,,Hot Deal
79,NAUGHTY MEN,Men Typography Round Neck Pure Cotton White T-Shirt,₹178,89% off,,Hot Deal
80,COMBRAIDED,Men Regular Fit Self Design Cut Away Collar Casual Shir...,₹258,82% off,,Hot Deal
81,Triptee,Men Printed Round Neck Pure Cotton Silver T-Shirt,₹150,84% off,,Only few left
82,HEATHEX,Men Printed Round Neck Pure Cotton Purple T-Shirt,₹369,70% off,,Only few left
83,HIPOP,Men Printed Round Neck Reversible Pure Cotton Black T-S...,₹258,82% off,,Hot Deal
84,RetroTees,Men Printed Round Neck Cotton Blend Maroon T-Shirt,₹212,88% off,,Hot Deal
85,Crazybee - CB,Men Printed Round Neck Cotton Blend Black T-Shirt,₹233,76% off,,Only few left
86,Crazybee - CB,Men Graphic Print Round Neck Cotton Blend Black T-Shirt,₹190,80% off,,Hot Deal
87,RetroTees,Men Printed Round Neck Cotton Blend Black T-Shirt,₹170,90% off,,Hot Deal
88,CAMPUS SUTRA,Men Regular Fit Checkered Spread Collar Casual Shirt,₹949,50% off,,Only few left
89,COMBRAIDED,Men Slim Fit Solid Cut Away Collar Casual Shirt,₹199,90% off,,Hot Deal
90,RetroTees,Men Graphic Print Round Neck Cotton Blend Green T-Shirt,₹215,87% off,,Only few left
91,RetroTees,Men Graphic Print Round Neck Cotton Blend Maroon T-Shir...,₹215,87% off,,Only 3 left
92,Jump Cuts,"Men Typography Round Neck Cotton Blend White, Dark Blue...",₹270,80% off,,Hot Deal
93,Leotude,Men Printed Round Neck Cotton Blend Beige T-Shirt,₹299,72% off,,Only few left
94,Zoitgiest,Men Regular Fit Printed Spread Collar Casual Shirt,₹249,80% off,,Hot Deal
95,TRANZMOG,Men Printed Round Neck Cotton Blend Black T-Shirt,₹231,74% off,,Hot Deal
96,Lyphy,Men Regular Fit Self Design Spread Collar Casual Shirt,₹280,85% off,,Hot Deal
97,Jai Textiles,Men Slim Fit Checkered Spread Collar Casual Shirt,₹326,82% off,,Only few left
98,CAZZBA,Men Regular Fit Solid Cut Away Collar Casual Shirt,₹378,81% off,,Only few left
99,Crazybee - CB,Men Graphic Print Round Neck Cotton Blend Beige T-Shirt,₹220,77% off,,Only few left
100,CAMPUS SUTRA,Men Self Design Polo Neck Polycotton White T-Shirt,₹594,65% off,,Hot Deal
101,LGR FASHION,Men Printed Round Neck Cotton Blend Maroon T-Shirt,₹218,88% off,,Hot Deal
102,LGR FASHION,Men Printed Round Neck Cotton Blend Black T-Shirt,₹205,89% off,,Only few left
103,Smosh,Men Printed Round Neck Cotton Blend Brown T-Shirt,₹230,88% off,,Hot Deal
104,Jump Cuts,"Men Printed, Typography Round Neck Cotton Blend Green T...",₹206,82% off,,Hot Deal
105,JACKBELLA,Men Regular Fit Self Design Spread Collar Casual Shirt,₹280,81% off,,Hot Deal
106,INDICLUB,Men Regular Fit Self Design Spread Collar Formal Shirt,₹408,59% off,,Only few left
107,Smosh,Men Printed Round Neck Cotton Blend Black T-Shirt,₹230,88% off,,Hot Deal
108,JACKBELLA,Men Regular Fit Striped Spread Collar Casual Shirt,₹240,83% off,,Hot Deal
109,RODEIZ,Men Slim Fit Striped Spread Collar Casual Shirt,₹255,76% off,,Hot Deal
110,Cool Plus,Men Printed Round Neck Cotton Blend Black T-Shirt,₹247,75% off,,Hot Deal
111,Jump Cuts,"Men Printed, Typography Round Neck Cotton Blend Maroon ...",₹211,82% off,,Only few left
112,THREEMINDS,"Men Printed, Typography Round Neck Cotton Blend Black, ...",₹197,80% off,,Only few left
113,Manlino,Men Printed Round Neck Pure Cotton Black T-Shirt,₹250,74% off,,Hot Deal
114,Veirdo,"Oversized Men Printed, Typography Round Neck Pure Cotto...",₹399,66% off,,Hot Deal
115,KASPY,Men Printed Round Neck Polyester Orange T-Shirt,₹135,72% off,,Hot Deal
116,Conway,Men Printed Round Neck Cotton Blend White T-Shirt,₹216,67% off,,Hot Deal
117,BRIGHTKTAFT,Men Printed Round Neck Cotton Blend Beige T-Shirt,₹208,73% off,,Hot Deal
118,URBAN BUCCACHI,Men Regular Fit Striped Lapel Collar Casual Shirt,₹232,88% off,,Hot Deal
119,Wayup,Men Solid Round Neck Cotton Blend Black T-Shirt,₹247,75% off,,Hot Deal
120,Jump Cuts,"Men Printed, Typography Round Neck Cotton Blend Black, ...",₹240,84% off,,Hot Deal
121,Smosh,Men Printed Round Neck Cotton Blend Black T-Shirt,₹240,87% off,,Hot Deal
122,Heartees,Men Graphic Print Round Neck Cotton Blend Black T-Shirt,₹230,87% off,,Hot Deal
123,JOCKEY,2715 Men Striped Round Neck Cotton Blend Navy Blue T-Sh...,₹699,,,"Buy 2 items, save extra 5%"
124,CAMPUS SUTRA,Men Solid Round Neck Polyester Black T-Shirt,₹408,65% off,,Only few left
125,BQF,Men Printed Round Neck Cotton Blend Black T-Shirt,₹246,75% off,,Hot Deal
126,METRONAUT,Men Regular Fit Solid Spread Collar Casual Shirt,₹273,80% off,,Hot Deal
127,Veirdo,"Oversized Men Printed, Typography Round Neck Pure Cotto...",₹429,64% off,,Hot Deal
128,Kook N Keech Disney,Men Oversized Fit Printed Party Shirt,₹569,75% off,,Only few left
129,Jump Cuts,Men Typography Round Neck Cotton Blend Purple T-Shirt,₹221,85% off,,Hot Deal
130,RED CLOVER,Men Printed Hooded Neck Pure Cotton Black T-Shirt,₹227,88% off,,Hot Deal
131,SGA FASION,Men Printed Round Neck Reversible Cotton Blend Black T-...,₹385,61% off,,Only 5 left
132,ENITOR,Men Printed Round Neck Cotton Blend Green T-Shirt,₹246,87% off,,Only few left
133,Garmin,Men Graphic Print Round Neck Pure Cotton Black T-Shirt,₹240,81% off,,Only few left
134,annnackel,Men Graphic Print Round Neck Cotton Blend Black T-Shirt,₹178,88% off,,Only few left
135,ENITOR,Men Printed Round Neck Cotton Blend Dark Blue T-Shirt,₹256,82% off,,Only few left
136,AUSK,Men Graphic Print Round Neck Cotton Blend Black T-Shirt,₹238,84% off,,Only few left
137,Benny Brooks,Men Graphic Print Round Neck Cotton Blend Black T-Shirt,₹325,70% off,,Only few left
138,Jump Cuts,Men Typography Round Neck Cotton Blend Beige T-Shirt,₹232,83% off,,Hot Deal
139,hkCreation,Men Typography Round Neck Cotton Blend Pink T-Shirt,₹305,61% off,,Hot Deal
140,WOXEN,Men Regular Fit Checkered Spread Collar Casual Shirt,₹340,86% off,,Hot Deal
141,Povaxpo,Men Graphic Print Round Neck Cotton Blend Navy Blue T-S...,₹241,75% off,,Only few left
142,THEBOYS,Men Printed Round Neck Cotton Blend Purple T-Shirt,₹163,85% off,,Only few left
143,Smosh,Men Printed Round Neck Cotton Blend Black T-Shirt,₹235,88% off,,Hot Deal
144,Jump Cuts,Men Printed Round Neck Cotton Blend Black T-Shirt,₹217,86% off,,Hot Deal
145,Kook N Keech,Men Striped Round Neck Pure Cotton Black T-Shirt,₹273,69% off,,Only few left
146,Force,Men Graphic Print Round Neck Polyester Grey T-Shirt,₹217,89% off,,Hot Deal
147,HKV FASHION,Men Regular Fit Striped Spread Collar Casual Shirt,₹240,87% off,,Hot Deal
148,Lyphy,Men Regular Fit Self Design Spread Collar Casual Shirt,₹280,85% off,,Hot Deal
149,BEING WANTED,"Men Solid Round Neck Pure Cotton Black, White T-Shirt",₹431,74% off,,Hot Deal
150,Force,Men Graphic Print Round Neck Polyester Black T-Shirt,₹222,88% off,,Hot Deal
151,JACK & JONES,Men Solid Crew Neck Cotton Blend Pink T-Shirt,₹974,35% off,,Hot Deal
152,Force,Men Printed Round Neck Cotton Blend Blue T-Shirt,₹217,89% off,,Hot Deal
153,HERE&NOW,Men Regular Fit Solid Casual Shirt,₹539,71% off,,
154,Smosh,Men Printed Round Neck Cotton Blend Black T-Shirt,₹231,88% off,,Hot Deal
155,CLOFLIX,Men Solid Round Neck Cotton Blend Black T-Shirt,₹174,82% off,,Hot Deal
156,DRIFTH,Men Graphic Print Round Neck Pure Cotton Black T-Shirt,₹247,75% off,,Only few left
157,MOXTE,Men Relaxed Fit Fit Printed Spread Collar Casual Shirt,₹440,78% off,,Only few left
158,BEWAKOOF,Men Solid Round Neck Pure Cotton White T-Shirt,₹399,60% off,,Hot Deal
159,Smosh,Men Printed Round Neck Cotton Blend Brown T-Shirt,₹230,88% off,,Hot Deal
160,UrGear,Men Printed Round Neck Cotton Blend Light Green T-Shirt,₹212,78% off,,
161,Glitchez,Men Regular Fit Striped Casual Shirt,₹646,61% off,,Only few left
162,GARBLY,Men Colorblock Henley Neck Polyester Multicolor T-Shirt,₹258,80% off,,
163,ENITOR,Men Printed Round Neck Cotton Blend Dark Green T-Shirt,₹252,83% off,,Only few left
164,Garmin,Men Graphic Print Round Neck Pure Cotton Black T-Shirt,₹260,79% off,,Only few left
165,SCOTT FINCHER,Men Graphic Print Round Neck Cotton Blend Black T-Shirt,₹246,84% off,,
166,JACKBELLA,Men Regular Fit Self Design Spread Collar Casual Shirt,₹278,81% off,,Hot Deal
167,Fabfashion,Men Printed Round Neck Cotton Blend Purple T-Shirt,₹203,79% off,,Only few left
168,Magneto,Men Self Design Round Neck Pure Cotton Light Green T-Sh...,₹262,79% off,,Hot Deal
169,NEW-18,Men Regular Fit Printed Slim Collar Casual Shirt,₹440,84% off,,Only few left
170,AUSK,"Men Printed Polo Neck Cotton Blend Brown, White T-Shirt",₹238,84% off,,Only few left
171,METRONAUT,Men Regular Fit Solid Spread Collar Casual Shirt,₹276,80% off,,Hot Deal
172,UrGear,Men Printed Round Neck Cotton Blend Black T-Shirt,₹192,80% off,,Hot Deal
173,Smartees,Men Printed Round Neck Cotton Blend Black T-Shirt,₹299,81% off,,Only few left
174,HADAR,Men Graphic Print Round Neck Cotton Blend Black T-Shirt,₹236,88% off,,Only few left
175,JACKBELLA,Men Regular Fit Self Design Spread Collar Casual Shirt,₹265,82% off,,Hot Deal
176,COMBRAIDED,Men Regular Fit Self Design Cut Away Collar Casual Shir...,₹258,82% off,,Hot Deal
177,Glitchez,Men Relaxed Fit Fit Self Design Casual Shirt,₹756,65% off,,Only few left
178,dos hermanos,Men Printed Round Neck Cotton Blend Brown T-Shirt,₹236,81% off,,Only few left
179,Garmin,Men Graphic Print Round Neck Pure Cotton Black T-Shirt,₹252,80% off,,Hot Deal
180,Cool Plus,Men Printed Round Neck Cotton Blend Blue T-Shirt,₹327,67% off,,Hot Deal
181,Glitchez,Men Regular Fit Printed Casual Shirt,₹549,72% off,,Only few left
182,Force,Men Printed Round Neck Cotton Blend Black T-Shirt,₹222,88% off,,Hot Deal
183,UrGear,Men Solid Round Neck Cotton Blend Black T-Shirt,₹173,85% off,,Only few left
184,UrGear,Men Typography Round Neck Cotton Blend Black T-Shirt,₹219,78% off,,
185,SEIZN,"Men Printed Round Neck Cotton Blend Green, White T-Shir...",₹163,83% off,,Hot Deal
186,BEWAKOOF,Black Panther Men Graphic Print Round Neck Pure Cotton ...,₹699,46% off,,"Buy 2 items, save extra 5%"
187,Jai Textiles,Men Slim Fit Checkered Mandarin Collar Casual Shirt,₹333,82% off,,Hot Deal
188,TripBroz,Men Printed Round Neck Cotton Blend Light Blue T-Shirt,₹212,85% off,,Hot Deal
189,U TURN,Men Slim Fit Checkered Spread Collar Casual Shirt,₹360,81% off,,Hot Deal
190,Wayup,Men Solid Round Neck Cotton Blend Black T-Shirt,₹247,75% off,,Hot Deal
191,HouseOfCommon,Men Solid Polo Neck Cotton Blend Beige T-Shirt,₹307,76% off,,Hot Deal
192,RODEIZ,Men Slim Fit Striped Spread Collar Casual Shirt,₹260,82% off,,
193,CAMPUS SUTRA,Men Regular Fit Checkered Spread Collar Casual Shirt,₹479,70% off,,Hot Deal
194,LGR FASHION,Men Printed Round Neck Cotton Blend Maroon T-Shirt,₹202,89% off,,Only few left
195,TripBroz,Men Printed Round Neck Cotton Blend Red T-Shirt,₹198,86% off,,Hot Deal
196,Leotude,Men Printed Round Neck Cotton Blend Brown T-Shirt,₹299,72% off,,
197,COMBRAIDED,Men Regular Fit Self Design Cut Away Collar Casual Shir...,₹258,87% off,,Hot Deal
198,AUSK,Men Printed Round Neck Cotton Blend Grey T-Shirt,₹238,84% off,,Hot Deal
199,TECHNOSPORT,Men Printed Crew Neck Polyester Grey T-Shirt,₹414,9% off,,"Buy 2 items, save extra 5%"
200,NAUGHTY MEN,Men Printed Round Neck Pure Cotton Multicolor T-Shirt,₹275,81% off,,Hot Deal
201,Leotude,Men Printed Round Neck Cotton Blend Brown T-Shirt,₹299,72% off,,
202,UrGear,Men Printed Round Neck Cotton Blend Light Green T-Shirt,₹212,78% off,,
203,TECHNOSPORT,Men Printed Crew Neck Polyester Grey T-Shirt,₹414,9% off,,"Buy 2 items, save extra 5%"
204,COMBRAIDED,Men Regular Fit Self Design Cut Away Collar Casual Shir...,₹258,87% off,,Hot Deal
205,AUSK,Men Printed Round Neck Cotton Blend Grey T-Shirt,₹238,84% off,,Hot Deal
206,MANIAC,Oversized Men Typography Round Neck Pure Cotton Beige T...,₹420,74% off,,Hot Deal
207,RetroTees,Men Printed Round Neck Cotton Blend Maroon T-Shirt,₹212,88% off,,Hot Deal
208,SEIZN,"Men Printed Round Neck Cotton Blend Green, White T-Shir...",₹163,83% off,,Hot Deal
209,Crazybee - CB,Men Printed Round Neck Cotton Blend Black T-Shirt,₹233,76% off,,Only few left
210,ENIGMA STYLE,Men Printed Round Neck Pure Cotton Black T-Shirt,₹478,76% off,,Hot Deal
211,BEING WANTED,Men Solid Round Neck Pure Cotton Light Green T-Shirt,₹228,81% off,,Hot Deal
212,SQF,Men Printed Round Neck Cotton Blend Black T-Shirt,₹246,75% off,,Hot Deal
213,TripBroz,Men Printed Round Neck Cotton Blend Red T-Shirt,₹198,86% off,,Hot Deal
214,HexaCraft,Men Printed Round Neck Cotton Blend Black T-Shirt,₹400,59% off,,Only few left
215,FuaarK,Men Solid High Neck Polyester Black T-Shirt,"₹1,149",54% off,,Only few left
216,Smosh,Men Printed Round Neck Cotton Blend Black T-Shirt,₹238,88% off,,Hot Deal
217,EyeBogler,"Men Colorblock High Neck Cotton Blend Navy Blue, Red T-...",₹256,80% off,,Hot Deal
218,BUKKL,Men Printed Round Neck Pure Cotton Green T-Shirt,₹305,84% off,,Only few left
219,Garmix,Men Solid Round Neck Cotton Blend Grey T-Shirt,₹179,91% off,,Only few left
220,UrGear,Men Typography Round Neck Cotton Blend Black T-Shirt,₹219,78% off,,
221,SRGI,Men Slim Fit Striped Casual Shirt,₹217,85% off,,Hot Deal
222,Smosh,Men Printed Round Neck Cotton Blend Navy Blue T-Shirt,₹225,88% off,,Hot Deal
223,Smile IN LIFE,Men Printed Round Neck Polycotton Green T-Shirt,₹174,86% off,,Hot Deal
224,RetroTees,Men Graphic Print Round Neck Cotton Blend Maroon T-Shir...,₹215,87% off,,Only 3 left
225,SEIZN,Men Printed Round Neck Cotton Blend Gold T-Shirt,₹213,78% off,,Hot Deal
226,Macknit,Men Printed Round Neck Cotton Blend Black T-Shirt,₹249,87% off,,Hot Deal
227,Smosh,Men Printed Round Neck Cotton Blend Black T-Shirt,₹230,88% off,,Hot Deal
228,Jump Cuts,Men Typography Polo Neck Cotton Blend Maroon T-Shirt,₹367,81% off,,Hot Deal
229,R Y Traders,Men Printed Round Neck Cotton Blend Black T-Shirt,₹416,58% off,,Only few left
230,Wayup,Men Solid Round Neck Cotton Blend Black T-Shirt,₹247,75% off,,Hot Deal
231,Veirdo,"Oversized Men Printed, Typography Round Neck Pure Cotto...",₹429,64% off,,Hot Deal
232,MAA UMA,Men Regular Fit Self Design Spread Collar Casual Shirt,₹385,70% off,,Hot Deal
233,HADAR,Men Self Design Round Neck Cotton Blend Black T-Shirt,₹202,89% off,,Only few left
234,Smosh,Men Printed Round Neck Cotton Blend Black T-Shirt,₹225,88% off,,Hot Deal
235,Lauren Adams,"Men Striped Round Neck Cotton Blend White, Navy Blue T-...",₹363,75% off,,Hot Deal
236,JACKBELLA,Men Regular Fit Self Design Spread Collar Casual Shirt,₹280,81% off,,Hot Deal
237,Garmin,Men Graphic Print Round Neck Pure Cotton Black T-Shirt,₹260,79% off,,Only few left
238,Garmin,Men Graphic Print Round Neck Pure Cotton Black T-Shirt,₹240,81% off,,Hot Deal
239,Leotude,Men Printed Round Neck Cotton Blend Blue T-Shirt,₹299,72% off,,Only few left
240,Jump Cuts,"Men Colorblock Round Neck Cotton Blend Black, White T-S...",₹221,87% off,,Hot Deal
241,TripBroz,Men Printed Round Neck Cotton Blend Blue T-Shirt,₹219,85% off,,Hot Deal
242,NORSEMEN,Men Solid Round Neck Cotton Blend Black T-Shirt,₹203,84% off,,Hot Deal
243,BATMAN X ROYAL STANCE,Men Graphic Print Round Neck Cotton Blend Black T-Shirt,₹244,79% off,,Hot Deal
244,ENITOR,"Men Colorblock Zip Neck Polyester Blue, Maroon T-Shirt",₹252,83% off,,
245,SHOOLIN,Men Regular Fit Self Design Spread Collar Casual Shirt,₹316,84% off,,Hot Deal
246,Crazybee - CB,Men Graphic Print Round Neck Cotton Blend Beige T-Shirt,₹220,77% off,,
247,WOXEN,Men Regular Fit Checkered Spread Collar Casual Shirt,₹352,85% off,,Hot Deal
248,Cool Plus,Men Printed Round Neck Cotton Blend Blue T-Shirt,₹327,67% off,,Hot Deal
249,Bullmer,Men Striped Polo Neck Cotton Blend Beige T-Shirt,₹536,73% off,,Hot Deal
250,UrGear,Men Printed Round Neck Cotton Blend Beige T-Shirt,₹217,83% off,,
251,Crazybee - CB,Men Graphic Print Round Neck Cotton Blend Black T-Shirt,₹190,80% off,,Hot Deal
252,AUSK,Men Printed Round Neck Cotton Blend Maroon T-Shirt,₹258,82% off,,
253,BUKKL,"Men Printed, Typography Round Neck Cotton Blend White T...",₹288,85% off,,
254,Reya,Men Printed Round Neck Polyester Maroon T-Shirt,₹178,88% off,,Hot Deal
255,BUKKL,Men Printed Round Neck Pure Cotton Red T-Shirt,₹338,83% off,,Hot Deal
256,VRMA,"Men Printed, Typography Round Neck Cotton Blend Pink T-...",₹115,88% off,,Hot Deal
257,Veirdo,"SPIDER MAN Men Printed, Typography Round Neck Pure Cott...",₹499,66% off,,"Buy 2 items, save extra 5%"
258,FASHIONORIYA,Men Printed Round Neck Cotton Blend Black T-Shirt,₹235,60% off,,
259,Veirdo,Plus Size Oversized Men Printed Round Neck Pure Cotton ...,₹499,58% off,,Hot Deal
260,dos hermanos,Men Printed Round Neck Cotton Blend Grey T-Shirt,₹238,76% off,,
261,Cool Plus,Men Printed Round Neck Cotton Blend Orange T-Shirt,₹369,63% off,,Hot Deal
262,METRONAUT,Men Regular Fit Solid Spread Collar Casual Shirt,₹358,82% off,,"Buy 2 items, save extra 5%"
263,Jai Textiles,Men Slim Fit Checkered Spread Collar Casual Shirt,₹263,86% off,,Hot Deal
264,Think Tech,Men Printed Round Neck Cotton Blend White T-Shirt,₹143,71% off,,Hot Deal
265,Glitchez,Men Embroidered Polo Neck Cotton Blend Black T-Shirt,₹416,70% off,,
266,Detour,Men Graphic Print Round Neck Cotton Blend Maroon T-Shir...,₹206,79% off,,
267,Wayup,Men Solid Round Neck Cotton Blend Black T-Shirt,₹247,75% off,,Hot Deal
268,Pronk,"Men Printed, Typography Round Neck Pure Cotton Black T-...",₹472,68% off,,"Buy 2 items, save extra 5%"
269,Zoitgiest,Men Regular Fit Printed Spread Collar Casual Shirt,₹249,80% off,,Hot Deal
270,HEATHEX,Men Printed Round Neck Pure Cotton Purple T-Shirt,₹366,70% off,,
271,Leotude,Men Printed Round Neck Cotton Blend Orange T-Shirt,₹299,72% off,,
272,Renowned,Men Printed Round Neck Cotton Blend White T-Shirt,₹160,67% off,,Hot Deal
273,Veirdo,Men Solid Round Neck Pure Cotton Dark Green T-Shirt,₹379,65% off,,"Buy 2 items, save extra 5%"
274,FURRR,Men Printed Round Neck Pure Cotton White T-Shirt,₹302,84% off,,
275,Garmix,Men Solid Round Neck Cotton Blend Green T-Shirt,₹179,91% off,,Hot Deal
276,COMBRAIDED,Men Regular Fit Self Design Cut Away Collar Casual Shir...,₹258,87% off,,Hot Deal
277,CAMPUS SUTRA,Men Self Design Polo Neck Polycotton Black T-Shirt,₹849,50% off,,"Buy 2 items, save extra 5%"
278,Jump Cuts,"Men Printed High Neck Cotton Blend Black, Beige T-Shirt",₹365,79% off,,
279,LazyGreg,Men Solid Round Neck Pure Cotton Black T-Shirt,₹178,88% off,,
280,Force,Men Graphic Print Round Neck Polyester Dark Green T-Shi...,₹217,89% off,,Hot Deal
281,LazyGreg,Men Solid Round Neck Pure Cotton Black T-Shirt,₹178,88% off,,
282,AUSK,Men Printed Round Neck Cotton Blend Maroon T-Shirt,₹258,82% off,,
283,COMBRAIDED,Men Regular Fit Self Design Cut Away Collar Casual Shir...,₹258,87% off,,Hot Deal
284,Lauren Adams,Men Printed Round Neck Pure Cotton White T-Shirt,₹367,75% off,,Hot Deal
285,LGR FASHION,Men Printed Round Neck Cotton Blend Black T-Shirt,₹219,89% off,,Hot Deal
286,INDICLUB,Men Regular Fit Self Design Spread Collar Formal Shirt,₹408,59% off,,
287,HIPOP,Men Printed Round Neck Reversible Pure Cotton Black T-S...,₹258,82% off,,Hot Deal
288,Force,Men Printed Round Neck Cotton Blend Black T-Shirt,₹212,89% off,,
289,THALASI,Men Graphic Print Crew Neck Cotton Blend Black T-Shirt,₹388,74% off,,
290,Veirdo,"SPIDER MAN Men Printed, Typography Round Neck Pure Cott...",₹499,66% off,,"Buy 2 items, save extra 5%"
291,Cool Plus,Men Printed Round Neck Cotton Blend Black T-Shirt,₹272,72% off,,Hot Deal
292,AUSK,Men Printed Round Neck Cotton Blend Maroon T-Shirt,₹238,84% off,,Hot Deal
293,LIULA CORPORATION,"Men Printed, Typography Round Neck Cotton Blend Purple ...",₹255,74% off,,
294,BUKKL,Men Printed Round Neck Pure Cotton White T-Shirt,₹290,85% off,,Hot Deal
295,fitoda fashion,"Men Regular, Super Slim Fit Printed Ribbed Collar Casua...",₹222,85% off,,Hot Deal
296,Eddicted,Men Solid Hooded Neck Cotton Blend Pink T-Shirt,₹269,73% off,,Hot Deal
297,AUSK,"Men Colorblock Zip Neck Cotton Blend Multicolor, White ...",₹298,80% off,,
298,SQF,Men Printed Round Neck Cotton Blend Black T-Shirt,₹246,75% off,,Hot Deal
299,CAMPUS SUTRA,Men Self Design Polo Neck Polycotton Black T-Shirt,₹594,65% off,,Hot Deal
300,The Indian Garage Co.,Men Regular Fit Checkered Spread Collar Casual Shirt,₹489,72% off,,Hot Deal
301,MANIAC,Men Printed Round Neck Pure Cotton Multicolor T-Shirt,₹390,77% off,,Hot Deal
302,CAMPUS SUTRA,Men Self Design Polo Neck Polycotton Blue T-Shirt,₹299,80% off,,Hot Deal
303,CAMPUS SUTRA,Men Regular Fit Checkered Spread Collar Casual Shirt,₹683,64% off,,"Buy 2 items, save extra 5%"
304,Pronk,Men Graphic Print Round Neck Pure Cotton Grey T-Shirt,₹472,68% off,,"Buy 2 items, save extra 5%"
305,HEATHEX,Men Printed Round Neck Pure Cotton Purple T-Shirt,₹369,70% off,,
306,SQF,Men Printed Round Neck Cotton Blend Black T-Shirt,₹246,75% off,,Hot Deal
307,Triptee,Men Printed Round Neck Pure Cotton Dark Blue T-Shirt,₹151,84% off,,Hot Deal
308,BEWAKOOF,Oversized Men Solid Round Neck Pure Cotton Black T-Shir...,₹599,25% off,,Hot Deal
309,Larren Devis,Men Printed Round Neck Cotton Blend Black T-Shirt,₹205,79% off,,
310,Leotude,Men Printed Round Neck Cotton Blend Blue T-Shirt,₹299,72% off,,Hot Deal
311,dos hermanos,Men Printed Round Neck Cotton Blend Grey T-Shirt,₹238,76% off,,
312,Detour,Men Graphic Print Round Neck Cotton Blend Purple T-Shir...,₹203,79% off,,
313,TripBroz,Men Printed Round Neck Cotton Blend Purple T-Shirt,₹219,87% off,,
314,TRANZMOG,Men Printed Round Neck Cotton Blend Black T-Shirt,₹231,74% off,,Hot Deal
315,METRONAUT,Men Regular Fit Printed Spread Collar Casual Shirt,₹299,80% off,,Hot Deal
316,ORIGINAL CREATOR,Men Printed Round Neck Pure Cotton Grey T-Shirt,₹236,84% off,,Hot Deal
317,BLUE SQUAD,Men Slim Fit Solid Spread Collar Casual Shirt,₹556,72% off,,Hot Deal
318,Veirdo,Men Solid Round Neck Pure Cotton Dark Green T-Shirt,₹379,65% off,,"Buy 2 items, save extra 5%"
319,CAMPUS SUTRA,Men Striped Polo Neck Polycotton White T-Shirt,₹611,64% off,,"Buy 2 items, save extra 5%"
320,Jai Textiles,Men Slim Fit Checkered Spread Collar Casual Shirt,₹340,82% off,,Hot Deal
321,Jai Textiles,Men Slim Fit Checkered Mandarin Collar Casual Shirt,₹360,81% off,,
322,BEWAKOOF,Oversized Men Solid Round Neck Pure Cotton Black T-Shir...,₹649,51% off,,"Buy 2 items, save extra 5%"
323,Reya,Men Printed Round Neck Cotton Blend Black T-Shirt,₹265,Currently unavailable,,
324,TECHNOSPORT,"Men Printed Polo Neck Polyester Light Green, White T-Sh...",₹561,14% off,,Hot Deal
325,Solbiza,Men Regular Fit Floral Print Slim Collar Casual Shirt,₹243,81% off,,Hot Deal
326,dos hermanos,Men Printed Round Neck Cotton Blend Navy Blue T-Shirt,₹238,76% off,,
327,BUKKL,Men Printed Round Neck Pure Cotton Black T-Shirt,₹286,85% off,,Hot Deal
328,Jai Textiles,Men Slim Fit Checkered Spread Collar Casual Shirt,₹321,83% off,,Hot Deal
329,EZCLOTHING,"Men Graphic Print, Typography Round Neck Cotton Blend Y...",₹222,77% off,,Hot Deal
330,FASHIONORIYA,Men Printed Round Neck Cotton Blend Black T-Shirt,₹235,60% off,,
331,Wearit,Men Solid Round Neck Cotton Blend Black T-Shirt,₹178,86% off,,Hot Deal
332,COMBRAIDED,Men Comfort Fit Fit Self Design Spread Collar Casual Sh...,₹426,82% off,,
333,SCOTT FINCHER,Men Graphic Print Round Neck Cotton Blend Black T-Shirt,₹249,77% off,,
334,COMBRAIDED,Men Comfort Fit Fit Self Design Spread Collar Casual Sh...,₹413,83% off,,
335,CAMPUS SUTRA,Men Solid Polo Neck Polyester Pink T-Shirt,₹299,80% off,,Hot Deal
336,INDIKNIT,Men Graphic Print Round Neck Cotton Blend Black T-Shirt,₹328,63% off,,
337,Wayup,Men Solid Round Neck Cotton Blend Black T-Shirt,₹247,75% off,,Hot Deal
338,LGR FASHION,Men Printed Round Neck Cotton Blend Black T-Shirt,₹205,89% off,,
339,Try This,"Men Striped Zip Neck Cotton Blend Orange, White T-Shirt",₹345,65% off,,
340,Nortex,Men Regular Fit Printed Curved Collar Casual Shirt,₹386,86% off,,Hot Deal
341,Leotude,Men Printed Round Neck Cotton Blend Beige T-Shirt,₹299,72% off,,
342,INFIRAX,Men Printed Round Neck Pure Cotton Purple T-Shirt,₹341,65% off,,Hot Deal
343,TECHNOSPORT,Men Printed Crew Neck Polyester Brown T-Shirt,₹414,9% off,,"Buy 2 items, save extra 5%"
344,TripBroz,Men Solid Round Neck Cotton Blend Blue T-Shirt,₹219,85% off,,
345,TRIPR,"Oversized Men Printed Round Neck Cotton Blend White, Bl...",₹221,77% off,,Hot Deal
346,RED CLOVER,"Men Printed, Typography Round Neck Cotton Blend Black T...",₹210,86% off,,Hot Deal
347,Cool Plus,Men Printed Round Neck Cotton Blend Brown T-Shirt,₹377,62% off,,Hot Deal
348,Relva,Oversized Men Printed Round Neck Cotton Blend White T-S...,₹368,71% off,,Hot Deal
349,THE BEAR HOUSE,Men Slim Fit Checkered Button Down Collar Casual Shirt,₹723,71% off,,Hot Deal
350,Jump Cuts,Men Printed Round Neck Cotton Blend Black T-Shirt,₹315,85% off,,Hot Deal
351,thehabit,Men Cartoon Round Neck Organic Cotton White T-Shirt,₹259,82% off,,
352,Smosh,Men Printed Round Neck Cotton Blend Black T-Shirt,₹230,88% off,,Hot Deal
353,The Souled Store,"Men Typography, Graphic Print Round Neck Pure Cotton Br...",₹599,45% off,,Hot Deal
354,EyeBogler,"Men Colorblock High Neck Cotton Blend Green, Black T-Sh...",₹239,81% off,,Hot Deal
355,CAMPUS SUTRA,Men Solid Polo Neck Polyester Grey T-Shirt,₹439,60% off,,"Buy 2 items, save extra 5%"
356,KASPY,Men Printed Round Neck Polyester Orange T-Shirt,₹135,72% off,,Hot Deal
357,U TURN,Men Slim Fit Striped Spread Collar Casual Shirt,₹346,81% off,,Hot Deal
358,AUSK,Men Printed Round Neck Cotton Blend Maroon T-Shirt,₹254,83% off,,Hot Deal
359,TeeBrozz,Men Graphic Print Round Neck Cotton Blend Red T-Shirt,₹219,85% off,,Hot Deal
360,Force,Men Printed Round Neck Cotton Blend Blue T-Shirt,₹217,89% off,,Hot Deal
361,U TURN,Men Slim Fit Striped Spread Collar Casual Shirt,₹346,81% off,,Hot Deal
362,AUSK,Men Printed Round Neck Cotton Blend Maroon T-Shirt,₹254,83% off,,Hot Deal
363,DEEMOON,Men Regular Fit Solid Button Down Collar Casual Shirt,₹455,81% off,,
364,The Souled Store,"Men Printed, Typography Round Neck Pure Cotton Black T-...",₹999,23% off,,
365,Garmin,Men Graphic Print Round Neck Pure Cotton Black T-Shirt,₹260,79% off,,
366,MANIAC,"Oversized Men Typography, Colorblock Round Neck Pure Co...",₹443,73% off,,
367,Zenloop Styles,Men Solid Round Neck Cotton Blend Black T-Shirt,₹228,77% off,,
368,Crazybee tshirts,Men Graphic Print Round Neck Cotton Blend Multicolor T-...,₹216,78% off,,Hot Deal
369,INFIRAX,Men Printed Round Neck Pure Cotton Purple T-Shirt,₹341,65% off,,Hot Deal
370,Leotude,Men Printed Round Neck Cotton Blend Grey T-Shirt,₹299,72% off,,
371,Yazole,Men Self Design Zip Neck Polycotton Beige T-Shirt,₹265,82% off,,
372,Jump Cuts,Men Printed Polo Neck Cotton Blend Black T-Shirt,₹372,79% off,,
373,Veirdo,Oversized Men Printed Round Neck Pure Cotton Beige T-Sh...,₹389,67% off,,Hot Deal
374,BRIGHT KRAFT,Men Printed Round Neck Cotton Blend Purple T-Shirt,₹210,78% off,,
375,AZIZAN,"Men Printed Round Neck Cotton Blend Blue, White T-Shirt",₹223,77% off,,
376,LGR FASHION,Men Printed Round Neck Cotton Blend Black T-Shirt,₹205,89% off,,
377,AUSK,Men Printed Round Neck Cotton Blend Green T-Shirt,₹258,82% off,,
378,RPGARMENT,Men Solid Round Neck Cotton Blend Black T-Shirt,₹216,81% off,,Hot Deal
379,Mavinclub,"Men Printed, Typography Round Neck Pure Cotton Multicol...",₹211,78% off,,
380,DeRaDA,Men Printed Round Neck Cotton Blend Red T-Shirt,₹337,66% off,,
381,INDICLUB,Men Regular Fit Self Design Spread Collar Formal Shirt,₹416,58% off,,
382,THE BEAR HOUSE,Men Slim Fit Checkered Button Down Collar Casual Shirt,₹723,71% off,,Hot Deal
383,URBAN BUCCACHI,Men Regular Fit Striped Lapel Collar Casual Shirt,₹232,88% off,,Hot Deal
384,BEWAKOOF,Batman Men Graphic Print Round Neck Pure Cotton Black T...,₹649,50% off,,"Buy 2 items, save extra 5%"
385,Solbiza,Men Regular Fit Floral Print Slim Collar Casual Shirt,₹243,81% off,,Hot Deal
386,BubbleTwyst,Men Typography Round Neck Pure Cotton Black T-Shirt,₹213,83% off,,
387,annnackel,Men Typography Cowl Neck Pure Cotton Black T-Shirt,₹199,86% off,,Hot Deal
388,Veirdo,"Oversized Men Printed, Typography Round Neck Pure Cotto...",₹399,66% off,,Hot Deal
389,CLOFLIX,Men Solid Round Neck Cotton Blend Grey T-Shirt,₹216,75% off,,Hot Deal
390,Veirdo,Oversized Men Solid Round Neck Pure Cotton Maroon T-Shi...,₹379,65% off,,Hot Deal
391,Veirdo,Oversize Men Typography Round Neck Pure Cotton Dark Blu...,₹399,66% off,,"Buy 2 items, save extra 5%"
392,SCOTT FINCHER,Men Graphic Print Round Neck Cotton Blend Black T-Shirt,₹249,77% off,,
393,EyeBogler,Men Regular Fit Self Design Spread Collar Casual Shirt,₹344,86% off,,Hot Deal
394,annnackel,Men Graphic Print Round Neck Pure Cotton Grey T-Shirt,₹199,86% off,,Hot Deal
395,KAJAR,Men Printed Round Neck Cotton Blend Beige T-Shirt,₹210,73% off,,Hot Deal
396,Tanip,Men Regular Fit Solid Spread Collar Casual Shirt,₹357,74% off,,Hot Deal
397,Voroxy,Men Regular Fit Solid Spread Collar Casual Shirt,₹258,87% off,,Hot Deal
398,HIGHLANDER,Men Slim Fit Checkered Cut Away Collar Formal Shirt,₹499,72% off,,Hot Deal
399,Veirdo,Plus Size Oversized Men Printed Round Neck Pure Cotton ...,₹499,58% off,,Hot Deal
400,Lauren Adams,"Men Printed Round Neck Pure Cotton Black, White T-Shirt",₹352,76% off,,Hot Deal
401,EyeBogler,Men Colorblock High Neck Cotton Blend Black T-Shirt,₹253,80% off,,Hot Deal
402,dos hermanos,Men Printed Round Neck Cotton Blend Black T-Shirt,₹236,81% off,,
403,BUKKL,Men Printed Round Neck Pure Cotton White T-Shirt,₹283,85% off,,Hot Deal
404,FLECT,Men Printed Round Neck Cotton Blend Beige T-Shirt,₹230,76% off,,
405,RODEIZ,Men Slim Fit Striped Spread Collar Casual Shirt,₹255,76% off,,Hot Deal
406,BUKKL,Men Printed Round Neck Pure Cotton Black T-Shirt,₹295,85% off,,Hot Deal
407,Jump Cuts,Men Printed Round Neck Cotton Blend Beige T-Shirt,₹228,87% off,,Hot Deal
408,Leotude,Men Printed Round Neck Cotton Blend Green T-Shirt,₹298,72% off,,Hot Deal
409,FTX,Pack of 2 Men Solid Polo Neck Cotton Blend Multicolor T...,₹447,64% off,,
410,DIMMY,Men Regular Fit Self Design Button Down Collar Casual S...,₹221,88% off,,Hot Deal
411,The Indian Garage Co.,Men Boxy Fit Graphic Print Casual Shirt,₹531,72% off,,Hot Deal
412,dos hermanos,Men Printed Round Neck Cotton Blend Black T-Shirt,₹236,81% off,,
413,CAZZBA,Men Regular Fit Solid Cut Away Collar Casual Shirt,₹378,81% off,,
414,UrGear,Men Printed Round Neck Cotton Blend Grey T-Shirt,₹224,82% off,,
415,METRONAUT,Men Regular Fit Self Design Spread Collar Casual Shirt,₹266,82% off,,Hot Deal
416,Jump Cuts,Men Printed Polo Neck Cotton Blend Green T-Shirt,₹358,82% off,,
417,KAWACHINE,Men Printed Round Neck Cotton Blend Beige T-Shirt,₹228,Currently unavailable,,
418,BQF,Men Printed Round Neck Cotton Blend Black T-Shirt,₹246,75% off,,Hot Deal
419,LEWEL,"Men Printed, Typography Round Neck Cotton Blend Black T...",₹228,88% off,,Hot Deal
420,annnackel,Men Graphic Print Round Neck Pure Cotton Grey T-Shirt,₹199,86% off,,Hot Deal
421,EIGHTEEN UP,Men Slim Fit Checkered Spread Collar Casual Shirt,₹360,81% off,,
422,Smosh,Men Printed Round Neck Cotton Blend Black T-Shirt,₹230,88% off,,Hot Deal
423,AUSK,Men Printed Round Neck Cotton Blend Black T-Shirt,₹258,82% off,,
424,The Souled Store,Men Solid Polo Neck Pure Cotton Multicolor T-Shirt,₹999,33% off,,"Buy 2 items, save extra 5%"
425,HARSHTARU HUB,Men Printed Round Neck Cotton Blend Navy Blue T-Shirt,₹246,75% off,,
426,UrGear,Men Printed Round Neck Cotton Blend Dark Blue T-Shirt,₹233,88% off,,Hot Deal
427,annnackel,Men Typography Cowl Neck Pure Cotton Black T-Shirt,₹199,86% off,,Hot Deal
428,CAMPUS SUTRA,Men Regular Fit Checkered Spread Collar Casual Shirt,₹949,50% off,,"Buy 2 items, save extra 5%"
429,BEWAKOOF,Men Solid Round Neck Pure Cotton Black T-Shirt,₹399,60% off,,"Buy 2 items, save extra 5%"
430,HELL BOUND,Men Printed Round Neck Cotton Blend Beige T-Shirt,₹250,85% off,,Hot Deal
431,Jai Textiles,Men Slim Fit Checkered Mandarin Collar Casual Shirt,₹337,82% off,,Hot Deal
432,Voroxy,Men Regular Fit Solid Spread Collar Casual Shirt,₹258,87% off,,Hot Deal
433,INFIRAX,Men Printed Round Neck Cotton Blend Light Blue T-Shirt,₹303,69% off,,Hot Deal
434,HELL BOUND,Men Printed Round Neck Cotton Blend Red T-Shirt,₹258,84% off,,Hot Deal
435,METRONAUT,Men Regular Fit Printed Spread Collar Casual Shirt,₹299,80% off,,Hot Deal
436,Clothy,Men Printed Round Neck Cotton Blend Black T-Shirt,₹256,63% off,,Hot Deal
437,Lauren Adams,Men Printed Round Neck Pure Cotton Black T-Shirt,₹358,76% off,,Hot Deal
438,Manlino,Men Printed Round Neck Pure Cotton Black T-Shirt,₹244,75% off,,Hot Deal
439,Snitch,Men Relaxed Fit Fit Solid Spread Collar Casual Shirt,₹999,50% off,,"Buy 2 items, save extra 5%"
440,Jai Textiles,Men Slim Fit Checkered Mandarin Collar Casual Shirt,₹337,82% off,,Hot Deal
441,HARSHTARU HUB,Men Printed Round Neck Cotton Blend Navy Blue T-Shirt,₹246,75% off,,
442,FuaarK,Men Solid High Neck Polyester Grey T-Shirt,"₹1,149",54% off,,"Buy 2 items, save extra 5%"
443,UrGear,Men Printed Round Neck Cotton Blend Dark Blue T-Shirt,₹233,88% off,,Hot Deal
444,JACKBELLA,Men Regular Fit Striped Spread Collar Casual Shirt,₹240,83% off,,Hot Deal
445,The Indian Garage Co.,Men Boxy Fit Graphic Print Casual Shirt,₹531,72% off,,Hot Deal
446,MANIAC,"Oversized Men Typography, Colorblock Round Neck Pure Co...",₹405,75% off,,
447,CAMPUS SUTRA,Men Regular Fit Checkered Spread Collar Casual Shirt,₹949,50% off,,"Buy 2 items, save extra 5%"
448,THALASI,Men Graphic Print Crew Neck Polycotton Black T-Shirt,₹396,73% off,,
449,BEWAKOOF,Men Solid Round Neck Pure Cotton Black T-Shirt,₹399,60% off,,"Buy 2 items, save extra 5%"
450,HELL BOUND,Men Printed Round Neck Cotton Blend Red T-Shirt,₹258,84% off,,Hot Deal
451,METRONAUT,Men Regular Fit Printed Spread Collar Casual Shirt,₹299,80% off,,Hot Deal
452,Lauren Adams,Men Printed Round Neck Pure Cotton Black T-Shirt,₹358,76% off,,Hot Deal
453,Manlino,Men Printed Round Neck Pure Cotton Black T-Shirt,₹244,75% off,,Hot Deal
454,Bonkers Corner,Graphic Print Men Round Neck Black T-Shirt () Men Graph...,₹999,23% off,,"Buy 2 items, save extra 5%"
455,Roadster,Men Printed Round Neck Pure Cotton Blue T-Shirt,₹222,75% off,,Hot Deal
456,BUKKL,Men Printed Round Neck Pure Cotton White T-Shirt,₹283,85% off,,Hot Deal
457,NB NICKY BOY,"Men Printed, Typography Round Neck Cotton Blend Pink T-...",₹144,78% off,,Hot Deal
458,METRONAUT,Men Regular Fit Printed Spread Collar Casual Shirt,₹299,80% off,,Hot Deal
459,Garmin,Men Graphic Print Round Neck Pure Cotton Black T-Shirt,₹252,80% off,,Hot Deal
460,Magneto,Men Printed Round Neck Pure Cotton Black T-Shirt,₹280,71% off,,Hot Deal
461,OTUS,Men Slim Fit Striped Spread Collar Casual Shirt,₹378,80% off,,
462,THREEMINDS,"Men Printed, Typography Round Neck Cotton Blend Black, ...",₹197,80% off,,
463,Snitch,Men Relaxed Fit Fit Solid Spread Collar Casual Shirt,₹999,50% off,,"Buy 2 items, save extra 5%"
464,Manlino,Men Graphic Print Round Neck Pure Cotton Black T-Shirt,₹250,77% off,,Hot Deal
465,COMBRAIDED,Men Regular Fit Self Design Cut Away Collar Casual Shir...,₹258,83% off,,Hot Deal
466,EyeBogler,Men Colorblock High Neck Cotton Blend Black T-Shirt,₹253,80% off,,Hot Deal
467,Jai Textiles,Men Slim Fit Checkered Spread Collar Casual Shirt,₹326,82% off,,
468,Force,Men Regular Fit Self Design Casual Shirt,₹293,85% off,,Hot Deal
469,Paralians,Men Relaxed Fit Fit Self Design Mandarin Collar Casual ...,₹167,87% off,,Hot Deal
470,Magneto,Men Printed Round Neck Cotton Blend White T-Shirt,₹280,71% off,,Hot Deal
471,Bullmer,Men Regular Fit Printed Button Down Collar Casual Shirt,₹437,78% off,,Hot Deal
472,COMBRAIDED,Men Slim Fit Solid Cut Away Collar Casual Shirt,₹199,90% off,,Hot Deal
473,PARA HILLS,Men Graphic Print Round Neck Cotton Blend Black T-Shirt,₹246,81% off,,Hot Deal
474,Majexic,Men Printed Round Neck Pure Cotton Black T-Shirt,₹212,73% off,,Hot Deal
475,Bullmer,"Men Printed, Typography Round Neck Cotton Blend Black T...",₹278,81% off,,Hot Deal
476,Blacken,Men Printed Round Neck Pure Cotton Black T-Shirt,₹478,63% off,,
477,SQF,Men Printed Round Neck Cotton Blend Black T-Shirt,₹246,75% off,,Hot Deal
478,Clothy,Men Printed Round Neck Cotton Blend Black T-Shirt,₹256,63% off,,Hot Deal
479,FATICHAR,Men Self Design Round Neck Cotton Blend Black T-Shirt,₹213,78% off,,
480,Jump Cuts,"Men Printed Round Neck Cotton Blend White, Blue T-Shirt",₹238,82% off,,Hot Deal
481,Leotude,Men Printed Round Neck Cotton Blend Blue T-Shirt,₹299,72% off,,
482,UrGear,Men Printed Round Neck Cotton Blend White T-Shirt,₹212,89% off,,
483,Garmin,Men Graphic Print Round Neck Pure Cotton Black T-Shirt,₹240,81% off,,
484,Veirdo,Oversized Men Printed Round Neck Pure Cotton Blue T-Shi...,₹399,66% off,,Hot Deal
485,RetroTees,Men Printed Round Neck Cotton Blend Black T-Shirt,₹170,90% off,,Hot Deal
486,rino,Men Printed Round Neck Cotton Blend White T-Shirt,₹145,85% off,,Hot Deal
487,RODEIZ,Men Slim Fit Striped Spread Collar Casual Shirt,₹255,74% off,,Hot Deal
488,MANIAC,"Oversized Men Typography, Colorblock Round Neck Pure Co...",₹405,75% off,,
489,METRONAUT,Men Regular Fit Self Design Spread Collar Casual Shirt,₹269,82% off,,Hot Deal
490,Zyro tees,Men Printed Round Neck Pure Cotton Black T-Shirt,₹406,79% off,,
491,NAUGHTY MEN,Men Typography Round Neck Pure Cotton White T-Shirt,₹178,89% off,,Hot Deal
492,VELLOSTA,Men Regular Fit Self Design Spread Collar Casual Shirt,₹303,79% off,,Hot Deal
493,CAMPUS SUTRA,Men Solid Polo Neck Polycotton Green T-Shirt,₹299,80% off,,"Buy 2 items, save extra 5%"
494,TRIPR,"Oversized Men Printed Round Neck Cotton Blend White, Gr...",₹249,75% off,,
495,tyt,Men Solid Round Neck Cotton Blend Black T-Shirt,₹389,56% off,,
496,AUSK,"Men Colorblock Polo Neck Cotton Blend White, Black T-Sh...",₹298,80% off,,
497,GGARBLY,Men Solid High Neck Polyester Black T-Shirt,₹240,81% off,,
498,U TURN,Men Slim Fit Striped Spread Collar Casual Shirt,₹327,82% off,,
499,Jump Cuts,"Men Printed Round Neck Cotton Blend White, Grey T-Shirt",₹278,80% off,,Hot Deal
500,UrGear,Men Printed Round Neck Cotton Blend Maroon T-Shirt,₹212,83% off,,
501,Bullmer,Men Regular Fit Printed Button Down Collar Casual Shirt,₹437,78% off,,Hot Deal
502,DEELMO,Men Regular Fit Solid Button Down Collar Casual Shirt,₹480,75% off,,
503,HipHopTrends,Men Self Design Round Neck Cotton Blend Dark Blue T-Shi...,₹216,56% off,,
504,SM SHAYAM CREATION,"Men Printed, Typography Hooded Neck Cotton Blend Black ...",₹213,86% off,,
505,Bonkers Corner,Graphic Print Men Round Neck Black T-Shirt () Men Graph...,₹999,23% off,,"Buy 2 items, save extra 5%"
506,Crazybee,Men Graphic Print Round Neck Pure Cotton White T-Shirt,₹233,76% off,,
507,Black Deer,Men Regular Fit Printed Spread Collar Casual Shirt,₹249,64% off,,Hot Deal
508,SOLSTICE,Men Regular Fit Solid Spread Collar Formal Shirt,₹344,65% off,,Hot Deal
509,Voroxy,Men Regular Fit Self Design Spread Collar Casual Shirt,₹258,89% off,,
510,KASPY,Men Printed Round Neck Polyester White T-Shirt,₹130,73% off,,Hot Deal
511,Paralians,Men Relaxed Fit Fit Solid Mandarin Collar Casual Shirt,₹209,83% off,,Hot Deal
512,GATIMAN,Men Solid Round Neck Cotton Blend White T-Shirt,₹199,84% off,,
513,FunkyAttire,Men Printed Round Neck Polyester White T-Shirt,₹115,76% off,,Hot Deal
514,RISHIGAEMANT,Men Graphic Print Round Neck Cotton Blend Beige T-Shirt,₹237,81% off,,
515,Leotude,"Men Printed, Typography Round Neck Cotton Blend Beige T...",₹299,72% off,,
516,Jump Cuts,Men Printed Hooded Neck Cotton Blend Black T-Shirt,₹191,87% off,,Hot Deal
517,Crazybee tshirts,Men Graphic Print Round Neck Cotton Blend Multicolor T-...,₹216,78% off,,Hot Deal
518,CAMPUS SUTRA,Men Regular Fit Self Design Spread Collar Casual Shirt,₹854,55% off,,"Buy 2 items, save extra 5%"
519,Magneto,Men Printed Round Neck Pure Cotton Maroon T-Shirt,₹262,73% off,,Hot Deal
520,UrGear,Men Printed Round Neck Cotton Blend White T-Shirt,₹192,90% off,,Hot Deal
521,HADAR,Men Self Design Round Neck Cotton Blend Black T-Shirt,₹202,89% off,,
522,Garmin,Men Graphic Print Round Neck Pure Cotton Black T-Shirt,₹240,81% off,,Hot Deal
523,Glitchez,Men Printed Round Neck Pure Cotton Brown T-Shirt,₹152,83% off,,Hot Deal
524,Majexic,Men Printed Round Neck Pure Cotton Grey T-Shirt,₹216,72% off,,Hot Deal
525,CAMPUS SUTRA,Men Regular Fit Printed Spread Collar Casual Shirt,₹683,64% off,,Hot Deal
526,Voroxy,Men Regular Fit Solid Spread Collar Casual Shirt,₹258,87% off,,Hot Deal
527,Mavinclub,"Men Printed, Typography Round Neck Pure Cotton Black T-...",₹172,82% off,,
528,printcorners,Happy Holi Men Printed Round Neck Polycotton White T-Sh...,₹178,64% off,,
529,TorontoCN,Men Regular Fit Solid Spread Collar Party Shirt,₹389,74% off,,Hot Deal
530,CHKOKKO,"Men Printed, Typography Round Neck Polycotton Beige T-S...",₹289,83% off,,Hot Deal
531,indicare,"Men Super Slim, Regular, Slim Fit Printed Cut Away Coll...",₹211,85% off,,Hot Deal
532,Arispo,"Men Graphic Print, Typography Round Neck Cotton Blend P...",₹225,77% off,,
533,Veirdo,Men Solid Round Neck Pure Cotton Brown T-Shirt,₹399,66% off,,Hot Deal
534,Jump Cuts,"Men Printed Round Neck Cotton Blend Black, Grey T-Shirt",₹236,84% off,,Hot Deal
535,HRX by Hrithik Roshan,Men Solid High Neck Polycotton Blue T-Shirt,₹679,54% off,,"Buy 2 items, save extra 5%"
536,Roadster,Men Regular Fit Printed Spread Collar Casual Shirt,₹476,71% off,,Hot Deal
537,METRONAUT,Men Regular Fit Solid Spread Collar Casual Shirt,₹257,82% off,,Hot Deal
538,COMBRAIDED,Men Comfort Fit Fit Self Design Spread Collar Casual Sh...,₹421,83% off,,
539,Cool Plus,Men Graphic Print Round Neck Cotton Blend Black T-Shirt,₹244,75% off,,Hot Deal
540,ERAGON FASHION,"Men Printed, Typography Round Neck Cotton Blend Black T...",₹210,78% off,,Hot Deal
541,Triptee,Men Printed Round Neck Pure Cotton Black T-Shirt,₹150,84% off,,Hot Deal
542,SCOTT FINCHER,Men Graphic Print Round Neck Cotton Blend Black T-Shirt,₹248,77% off,,
543,BEWAKOOF,Moon Knight Men Graphic Print Round Neck Pure Cotton Bl...,₹549,45% off,,"Buy 2 items, save extra 5%"
544,METRONAUT,Men Regular Fit Printed Spread Collar Casual Shirt,₹299,80% off,,Hot Deal
545,AUSK,"Men Colorblock High Neck Polyester Dark Blue, Black T-S...",₹238,84% off,,
546,Veirdo,Oversized Men Tie & Dye Round Neck Pure Cotton Multicol...,₹399,66% off,,"Buy 2 items, save extra 5%"
547,Cool Plus,Men Printed Round Neck Cotton Blend Purple T-Shirt,₹313,68% off,,Hot Deal
548,Leotude,Men Printed Round Neck Cotton Blend Navy Blue T-Shirt,₹299,72% off,,
549,TRENDYWAY,"Men Printed, Typography Round Neck Cotton Blend Red T-S...",₹322,53% off,,
550,Manly Tees,Men Graphic Print Round Neck Cotton Blend Maroon T-Shir...,₹225,87% off,,Hot Deal
551,Veirdo,Men Solid Round Neck Pure Cotton Green T-Shirt,₹399,66% off,,Hot Deal
552,Jai Textiles,Men Slim Fit Checkered Spread Collar Casual Shirt,₹390,79% off,,
553,Progo,Men Printed Round Neck Pure Cotton Dark Green T-Shirt,₹227,77% off,,
554,Force,Men Graphic Print Round Neck Polyester Maroon T-Shirt,₹226,88% off,,Hot Deal
555,Voroxy,Men Regular Fit Self Design Lapel Collar Casual Shirt,₹258,87% off,,Hot Deal
556,HIGHLANDER,Men Relaxed Fit Fit Self Design Cut Away Collar Casual ...,₹650,79% off,,Hot Deal
557,annnackel,Men Graphic Print Round Neck Pure Cotton Red T-Shirt,₹355,77% off,,
558,HIPHOPFASHION,Men Self Design Round Neck Cotton Blend Grey T-Shirt,₹203,59% off,,
559,AUSK,Men Printed Round Neck Cotton Blend Maroon T-Shirt,₹235,84% off,,Hot Deal
560,Voroxy,Men Regular Fit Self Design Lapel Collar Casual Shirt,₹258,87% off,,Hot Deal
561,Triptee,Men Printed Round Neck Pure Cotton Black T-Shirt,₹160,83% off,,Hot Deal
562,AUSK,Men Printed Round Neck Cotton Blend Maroon T-Shirt,₹235,84% off,,Hot Deal
563,Glitchez,Men Solid Round Neck Pure Cotton White T-Shirt,₹199,71% off,,
564,BEWAKOOF,Harry Potter Men Graphic Print Round Neck Pure Cotton G...,₹499,60% off,,Hot Deal
565,Heartees,Men Cartoon Round Neck Cotton Blend Red T-Shirt,₹230,87% off,,Hot Deal
566,Voroxy,Men Regular Fit Solid Spread Collar Casual Shirt,₹258,87% off,,Hot Deal
567,Lauren Adams,Men Oversized Fit Solid Casual Shirt,₹458,69% off,,
568,CAMPUS SUTRA,Men Regular Fit Striped Spread Collar Casual Shirt,₹664,65% off,,Hot Deal
569,ENITOR,"Men Colorblock Zip Neck Polyester Dark Blue, Black T-Sh...",₹217,85% off,,
570,FCUK,Men Printed Round Neck Pure Cotton Black T-Shirt,₹480,73% off,,Hot Deal
571,Roadster,Men Regular Fit Printed Spread Collar Casual Shirt,₹476,71% off,,Hot Deal
572,Garmin,Men Graphic Print Round Neck Pure Cotton Black T-Shirt,₹240,81% off,,
573,JERKYN,Men Solid Round Neck Polyester White T-Shirt,₹172,82% off,,Hot Deal
574,THALASI,Men Graphic Print Crew Neck Cotton Blend Multicolor T-S...,₹418,72% off,,
575,BQF,Men Printed Round Neck Cotton Blend Black T-Shirt,₹246,75% off,,Hot Deal
576,LEWEL,"Men Printed, Typography Round Neck Cotton Blend Black T...",₹228,88% off,,Hot Deal
577,TRIPR,Oversized Men Printed Round Neck Cotton Blend Black T-S...,₹275,72% off,,Hot Deal
578,INFIRAX,"Men Printed, Typography Round Neck Pure Cotton Grey T-S...",₹256,74% off,,Hot Deal
579,CT Fashion,Men Printed Hooded Neck Cotton Blend Black T-Shirt,₹278,72% off,,Hot Deal
580,BubbleTwyst,Men Printed Round Neck Pure Cotton Black T-Shirt,₹193,85% off,,Hot Deal
581,Kook N Keech,Men Solid Round Neck Pure Cotton Brown T-Shirt,₹300,69% off,,"Buy 2 items, save extra 5%"
582,KASPY,Men Printed Round Neck Polyester White T-Shirt,₹130,73% off,,Hot Deal
583,MILDIN,Men Regular Fit Striped Spread Collar Casual Shirt,₹359,82% off,,Hot Deal
584,TOJER,Men Printed Round Neck Cotton Blend Red T-Shirt,₹245,75% off,,
585,Xsware,Men Solid Round Neck Cotton Blend White T-Shirt,₹228,77% off,,Hot Deal
586,Denzolee,Men Self Design Polo Neck Cotton Blend Green T-Shirt,₹252,74% off,,
587,BUKKL,Men Printed Round Neck Pure Cotton White T-Shirt,₹288,85% off,,Hot Deal
588,dos hermanos,Men Printed Round Neck Cotton Blend White T-Shirt,₹236,81% off,,
589,Solbiza,Men Regular Fit Self Design Casual Shirt,₹208,86% off,,Hot Deal
590,AUSK,Men Printed Round Neck Cotton Blend Grey T-Shirt,₹238,84% off,,
591,Manlino,Men Printed Round Neck Pure Cotton Black T-Shirt,₹263,76% off,,Hot Deal
592,Unrule,Men Colorblock Polo Neck Cotton Blend Brown T-Shirt,₹345,65% off,,
593,Magneto,Men Printed Round Neck Pure Cotton Maroon T-Shirt,₹262,73% off,,Hot Deal
594,CAMPUS SUTRA,Men Regular Fit Self Design Spread Collar Casual Shirt,₹854,55% off,,"Buy 2 items, save extra 5%"
595,Magneto,Men Printed Round Neck Pure Cotton Black T-Shirt,₹280,78% off,,Hot Deal
596,SOLSTICE,Men Regular Fit Solid Spread Collar Formal Shirt,₹344,65% off,,Hot Deal
597,Jai Textiles,Men Slim Fit Checkered Spread Collar Casual Shirt,₹390,79% off,,
598,Marmic Fab,Men Slim Fit Solid Cut Away Collar Casual Shirt,₹232,83% off,,Hot Deal
599,Beaumen,Men Printed Round Neck Cotton Blend Green T-Shirt,₹225,88% off,,Hot Deal
600,Force,Men Printed Round Neck Cotton Blend Grey T-Shirt,₹222,88% off,,Hot Deal
601,Marmic Fab,Men Slim Fit Solid Spread Collar Casual Shirt,₹213,84% off,,Hot Deal
602,YtwoDesigns,Men Self Design Round Neck Cotton Blend Black T-Shirt,₹208,86% off,,
603,Manly Tees,Men Graphic Print Round Neck Cotton Blend Blue T-Shirt,₹225,87% off,,Hot Deal
604,LEWEL,"Men Printed, Typography Round Neck Cotton Blend Black T...",₹228,88% off,,Hot Deal
605,Manlino,Men Graphic Print Round Neck Cotton Blend Black T-Shirt,₹244,77% off,,Hot Deal
606,U TURN,Men Slim Fit Striped Spread Collar Casual Shirt,₹337,82% off,,
607,Solbiza,Men Regular Fit Self Design Casual Shirt,₹208,83% off,,
608,MILDIN,Men Regular Fit Striped Spread Collar Casual Shirt,₹360,81% off,,
609,Urbano Fashion,Men Solid Round Neck Pure Cotton Pink T-Shirt,₹449,65% off,,"Buy 2 items, save extra 5%"
610,SCOTT FINCHER,Men Graphic Print Round Neck Cotton Blend Black T-Shirt,₹248,77% off,,Hot Deal
611,The Souled Store,Men Colorblock Round Neck Pure Cotton Multicolor T-Shir...,"₹1,199",40% off,,"Buy 2 items, save extra 5%"
612,SCOTT FINCHER,Men Graphic Print Round Neck Cotton Blend Beige T-Shirt,₹303,81% off,,Hot Deal
613,Jump Cuts,Men Typography Round Neck Cotton Blend Green T-Shirt,₹230,84% off,,Hot Deal
614,BUKKL,Men Printed Round Neck Pure Cotton Black T-Shirt,₹295,85% off,,Hot Deal
615,Veirdo,Men Solid Round Neck Pure Cotton Beige T-Shirt,₹399,66% off,,Hot Deal
616,CAMPUS SUTRA,Men Regular Fit Solid Spread Collar Casual Shirt,₹299,80% off,,"Buy 2 items, save extra 5%"
617,Manlino,Men Printed Round Neck Pure Cotton Black T-Shirt,₹241,78% off,,Hot Deal
618,AUSK,"Men Printed Round Neck Cotton Blend Black, White T-Shir...",₹238,84% off,,
619,Smosh,Men Printed Round Neck Cotton Blend Black T-Shirt,₹230,88% off,,Hot Deal
620,HERE&NOW,Men Printed Round Neck Pure Cotton White T-Shirt,₹317,75% off,,
621,ERAGON FASHION,Men Printed Round Neck Cotton Blend White T-Shirt,₹210,78% off,,Hot Deal
622,AZIZAN,"Men Printed Round Neck Cotton Blend White, Maroon T-Shi...",₹244,75% off,,
623,CHKOKKO,"Men Printed, Typography Round Neck Polycotton Brown T-S...",₹249,85% off,,Hot Deal
624,UrGear,Men Printed Round Neck Cotton Blend Grey T-Shirt,₹219,83% off,,
625,Jump Cuts,Men Solid Henley Neck Polyester Green T-Shirt,₹231,83% off,,Hot Deal
626,BQF,Men Printed Round Neck Cotton Blend Black T-Shirt,₹246,75% off,,Hot Deal
627,Leotude,Men Printed Round Neck Cotton Blend Black T-Shirt,₹299,72% off,,
628,Lolgallery,Men Printed Round Neck Cotton Blend Black T-Shirt,₹338,Currently unavailable,,Hot Deal
629,Unrule,Men Colorblock Polo Neck Cotton Blend Brown T-Shirt,₹345,65% off,,
630,Manlino,Men Printed Round Neck Cotton Blend Black T-Shirt,₹252,77% off,,Hot Deal
631,HASTEN,Men Printed Round Neck Cotton Blend White T-Shirt,₹350,73% off,,Hot Deal
632,Cool Plus,Men Graphic Print Round Neck Cotton Blend Black T-Shirt,₹208,79% off,,Hot Deal
633,UWR,Men Slim Fit Solid Spread Collar Casual Shirt,₹178,84% off,,
634,Wayup,Men Graphic Print Round Neck Cotton Blend Black T-Shirt,₹212,78% off,,Hot Deal
635,ERAWORLD,Men Printed Round Neck Pure Cotton Black T-Shirt,₹166,83% off,,Hot Deal
636,The Souled Store,Men Embroidered Polo Neck Pure Cotton White T-Shirt,"₹1,299",13% off,,Hot Deal
637,The Souled Store,"Men Colorblock Polo Neck Cotton Blend Navy Blue, Maroon...","₹1,299",18% off,,Hot Deal
638,URBAN BUCCACHI,Men Regular Fit Striped Lapel Collar Casual Shirt,₹232,88% off,,Hot Deal
639,Jump Cuts,"Men Printed Henley Neck Cotton Blend White, Black T-Shi...",₹311,80% off,,Hot Deal
640,HASTEN,Men Printed Round Neck Cotton Blend White T-Shirt,₹350,73% off,,Hot Deal
641,Cool Plus,Men Graphic Print Round Neck Cotton Blend Black T-Shirt,₹208,79% off,,Hot Deal
642,UWR,Men Slim Fit Solid Spread Collar Casual Shirt,₹178,84% off,,
643,Wayup,Men Graphic Print Round Neck Cotton Blend Black T-Shirt,₹212,78% off,,Hot Deal
644,ERAWORLD,Men Printed Round Neck Pure Cotton Black T-Shirt,₹166,83% off,,Hot Deal
645,The Souled Store,Men Embroidered Polo Neck Pure Cotton White T-Shirt,"₹1,299",13% off,,Hot Deal
646,The Souled Store,"Men Colorblock Polo Neck Cotton Blend Navy Blue, Maroon...","₹1,299",18% off,,Hot Deal
647,URBAN BUCCACHI,Men Regular Fit Striped Lapel Collar Casual Shirt,₹232,88% off,,Hot Deal
648,Jump Cuts,"Men Printed Henley Neck Cotton Blend White, Black T-Shi...",₹311,80% off,,Hot Deal
649,EyeBogler,Men Regular Fit Self Design Spread Collar Casual Shirt,₹338,86% off,,Hot Deal
650,METRONAUT,Men Slim Fit Striped Spread Collar Casual Shirt,₹276,81% off,,Hot Deal
651,Voroxy,Men Regular Fit Solid Spread Collar Casual Shirt,₹254,87% off,,Hot Deal
652,TB Blue,"Men Printed, Typography Round Neck Pure Cotton Orange T...",₹235,81% off,,Hot Deal
653,BUKKL,Men Printed Round Neck Pure Cotton Black T-Shirt,₹292,85% off,,Hot Deal
654,BEEFITS,Men Printed Round Neck Pure Cotton Black T-Shirt,₹308,Currently unavailable,,
655,Leotude,Men Printed Round Neck Cotton Blend Black T-Shirt,₹299,72% off,,Hot Deal
656,Veirdo,MARVEL Men Printed Round Neck Pure Cotton Multicolor T-...,₹449,62% off,,Hot Deal
657,Triptee,Men Printed Round Neck Pure Cotton Dark Blue T-Shirt,₹150,84% off,,
658,EyeBogler,Men Regular Fit Self Design Spread Collar Casual Shirt,₹325,86% off,,Hot Deal
659,EyeBogler,Men Regular Fit Self Design Spread Collar Casual Shirt,₹312,87% off,,Hot Deal
660,Manlino,Men Printed Round Neck Cotton Blend Black T-Shirt,₹252,77% off,,Hot Deal
661,Crazybee - CB,Men Graphic Print Round Neck Cotton Blend Light Green T...,₹222,77% off,,
662,TeeBrozz,Men Self Design Round Neck Cotton Blend Yellow T-Shirt,₹219,85% off,,Hot Deal
663,NB NICKY BOY,"Men Printed, Typography Round Neck Cotton Blend Light G...",₹135,79% off,,Hot Deal
664,Surhi,Men Regular Fit Checkered Spread Collar Casual Shirt,₹207,89% off,,Hot Deal
665,TripBroz,Men Printed Round Neck Cotton Blend Maroon T-Shirt,₹219,85% off,,Hot Deal
666,MEG,Men Graphic Print Round Neck Cotton Blend Red T-Shirt,₹338,66% off,,
667,Veirdo,"Oversized Men Typography Round Neck Pure Cotton Beige, ...",₹429,64% off,,Hot Deal
668,Bullmer,Men Regular Fit Printed Spread Collar Casual Shirt,₹437,78% off,,Hot Deal
669,Magneto,Men Printed Round Neck Cotton Blend White T-Shirt,₹280,71% off,,Hot Deal
670,Double One,Men Regular Fit Solid Casual Shirt,₹561,71% off,,Hot Deal
671,Paralians,Men Relaxed Fit Fit Solid Mandarin Collar Casual Shirt,₹213,83% off,,Hot Deal
672,Voroxy,Men Regular Fit Solid Spread Collar Casual Shirt,₹400,79% off,,Hot Deal
673,CAMPUS SUTRA,Men Self Design Round Neck Polyester Purple T-Shirt,₹479,60% off,,"Buy 2 items, save extra 5%"
674,Studshirt,Men Solid Polo Neck Cotton Blend Beige T-Shirt,₹245,64% off,,
675,RODEIZ,Men Slim Fit Striped Spread Collar Casual Shirt,₹220,85% off,,Hot Deal
676,BEWAKOOF,Harry Potter Men Graphic Print Round Neck Pure Cotton B...,₹949,24% off,,"Buy 2 items, save extra 5%"
677,fitoda fashion,"Men Regular, Super Slim Fit Self Design Ribbed Collar C...",₹228,84% off,,Hot Deal
678,SOLSTICE,Men Solid Round Neck Elastane Blue T-Shirt,₹212,78% off,,Hot Deal
679,Force,Men Printed Round Neck Cotton Blend Blue T-Shirt,₹186,90% off,,Hot Deal
680,Leotude,Men Printed Round Neck Cotton Blend Black T-Shirt,₹299,72% off,,Hot Deal
681,dos hermanos,Men Printed Round Neck Cotton Blend Black T-Shirt,₹236,81% off,,
682,Beaumen,"Men Printed, Typography, Graphic Print Round Neck Cotto...",₹225,88% off,,Hot Deal
683,Jump Cuts,"Men Typography Round Neck Cotton Blend Black, White T-S...",₹196,87% off,,Hot Deal
684,Kay Dee,Men Colorblock Round Neck Cotton Blend Pink T-Shirt,₹200,87% off,,Hot Deal
685,Conway,Men Printed Round Neck Cotton Blend Yellow T-Shirt,₹167,74% off,,Hot Deal
686,Leotude,"Men Printed, Typography Round Neck Cotton Blend Red T-S...",₹298,72% off,,
687,BEEFITS,Men Washed/Ombre Crew Neck Pure Cotton Black T-Shirt,₹430,56% off,,
688,Magneto,Men Printed Round Neck Pure Cotton Navy Blue T-Shirt,₹268,79% off,,Hot Deal
689,METRONAUT,Men Regular Fit Solid Spread Collar Casual Shirt,₹395,80% off,,Hot Deal
690,Sahuone,Men Graphic Print Round Neck Cotton Blend Purple T-Shir...,₹219,78% off,,Hot Deal
691,deslizar,"Men Printed, Typography Round Neck Cotton Blend Navy Bl...",₹200,79% off,,Hot Deal
692,fitoda fashion,"Men Regular, Super Slim Fit Printed Ribbed Collar Casua...",₹222,85% off,,Hot Deal
693,TANDUL,Men Regular Fit Solid Casual Shirt,₹450,62% off,,
694,Veirdo,Men Solid Round Neck Pure Cotton Black T-Shirt,₹399,66% off,,Hot Deal
695,FUBACK,Men Regular Fit Self Design Spread Collar Casual Shirt,₹299,80% off,,Hot Deal
696,MAX,Men Printed Round Neck Pure Cotton Grey T-Shirt,₹249,,,"Buy 2 items, save extra 5%"
697,Manlino,Men Printed Round Neck Cotton Blend Black T-Shirt,₹244,77% off,,Hot Deal
698,DD Dark Drive,Men Graphic Print Round Neck Cotton Blend Purple T-Shir...,₹302,76% off,,Hot Deal
699,Voroxy,Popcorn Men Regular Fit Solid Lapel Collar Casual Shirt,₹258,87% off,,Hot Deal
700,Wearit,Men Solid Round Neck Cotton Blend Maroon T-Shirt,₹178,87% off,,Hot Deal
701,Hemline,Men Regular Fit Self Design Lapel Collar Casual Shirt,₹257,85% off,,Hot Deal
702,Kushi flyer,Men Printed Round Neck Cotton Blend White T-Shirt,₹189,81% off,,Hot Deal
703,BUKKL,Men Printed Round Neck Pure Cotton Black T-Shirt,₹351,82% off,,Hot Deal
704,Veirdo,Oversized Men Printed Round Neck Pure Cotton Purple T-S...,₹399,66% off,,Hot Deal
705,FUBAR,Men Slim Fit Printed Spread Collar Casual Shirt,₹268,86% off,,Hot Deal
706,KAJARU,Men Self Design Polo Neck Polycotton Brown T-Shirt,₹310,68% off,,
707,CAMPUS SUTRA,Men Regular Fit Printed Spread Collar Casual Shirt,₹683,64% off,,"Buy 2 items, save extra 5%"
708,Conway,"Men Printed, Typography Round Neck Cotton Blend Grey T-...",₹172,73% off,,Hot Deal
709,OTUS,Men Slim Fit Checkered Spread Collar Casual Shirt,₹368,80% off,,
710,MCC,"Men Printed Round Neck Polycotton White, Purple T-Shirt",₹155,85% off,,Hot Deal
711,VELLOSTA,Men Regular Fit Self Design Spread Collar Casual Shirt,₹303,79% off,,Hot Deal
712,Jump Cuts,"Men Printed Hooded Neck Cotton Blend Black, Red T-Shirt",₹371,79% off,,
713,CAMPUS SUTRA,Men Colorblock Polo Neck Polycotton Multicolor T-Shirt,₹594,65% off,,Hot Deal
714,BELACHY,Men Printed Henley Neck Polyester Blue T-Shirt,₹243,81% off,,Hot Deal
715,CAMPUS SUTRA,Men Solid Polo Neck Nylon Multicolor T-Shirt,₹749,50% off,,"Buy 2 items, save extra 5%"
716,HIGHLANDER,Men Solid Polo Neck Cotton Blend Purple T-Shirt,₹283,79% off,,Hot Deal
717,AVA Fashion,Men Printed Round Neck Cotton Blend Black T-Shirt,₹205,81% off,,Hot Deal
718,Cool Plus,Men Printed Round Neck Cotton Blend Black T-Shirt,₹319,68% off,,Hot Deal
719,Force,Men Regular Fit Self Design Casual Shirt,₹261,86% off,,
720,Jump Cuts,"Men Printed Hooded Neck Cotton Blend Black, Red T-Shirt",₹371,79% off,,
721,Kook N Keech,Men Printed Round Neck Pure Cotton Black T-Shirt,₹230,76% off,,Hot Deal
722,HIGHLANDER,Men Solid Polo Neck Cotton Blend Purple T-Shirt,₹283,79% off,,Hot Deal
723,Cool Plus,Men Printed Round Neck Cotton Blend Black T-Shirt,₹319,68% off,,Hot Deal
724,Force,Men Regular Fit Self Design Casual Shirt,₹261,86% off,,
725,FTX,Men Printed Hooded Neck Polyester Navy Blue T-Shirt,₹162,76% off,,
726,CAMPUS SUTRA,Men Solid Polo Neck Polyester Green T-Shirt,₹469,53% off,,Hot Deal
727,SCOTT FINCHER,Men Graphic Print Round Neck Cotton Blend Beige T-Shirt,₹303,81% off,,Hot Deal
728,Kook N Keech,Men Solid Round Neck Pure Cotton White T-Shirt,₹252,74% off,,Hot Deal
729,KAJARU,Men Self Design Polo Neck Polycotton Brown T-Shirt,₹310,68% off,,
730,BEEFITS,Men Washed/Ombre Crew Neck Pure Cotton Blue T-Shirt,₹199,Currently unavailable,,Hot Deal
731,Hemline,Men Regular Fit Self Design Lapel Collar Casual Shirt,₹269,85% off,,Hot Deal
732,Veirdo,Oversized Men Solid Round Neck Pure Cotton Brown T-Shir...,₹379,65% off,,Hot Deal
733,Crazybee,Men Graphic Print Round Neck Pure Cotton White T-Shirt,₹224,77% off,,
734,U TURN,Men Regular Fit Solid Spread Collar Casual Shirt,₹350,81% off,,
735,UrGear,Men Graphic Print Round Neck Cotton Blend Maroon T-Shir...,₹200,84% off,,
736,Dattebayo,"Men Self Design Polo Neck Cotton Blend White, Black T-S...",₹377,62% off,,
737,Voroxy,Men Regular Fit Striped Lapel Collar Casual Shirt,₹288,85% off,,
738,Jump Cuts,Men Typography Round Neck Cotton Blend Beige T-Shirt,₹216,85% off,,Hot Deal
739,Garmix,"Men Printed, Graphic Print Round Neck Cotton Blend Navy...",₹179,89% off,,Hot Deal
740,dos hermanos,Men Printed Round Neck Cotton Blend Grey T-Shirt,₹236,81% off,,
741,COMBRAIDED,Men Regular Fit Self Design Casual Shirt,₹208,89% off,,Hot Deal
742,Snitch,Men Relaxed Fit Fit Solid Spread Collar Casual Shirt,₹999,50% off,,"Buy 2 items, save extra 5%"
743,ORIGINAL CREATOR,Men Printed Round Neck Pure Cotton Maroon T-Shirt,₹245,75% off,,
744,NB NICKY BOY,Men Printed Round Neck Cotton Blend Grey T-Shirt,₹135,79% off,,Hot Deal
745,hkCreation,Men Typography Round Neck Cotton Blend Black T-Shirt,₹333,58% off,,Hot Deal
746,FURRR,Men Solid Round Neck Pure Cotton Black T-Shirt,₹210,89% off,,
747,Instafab Plus,Men Regular Fit Self Design Spread Collar Casual Shirt,₹749,70% off,,"Buy 2 items, save extra 5%"
748,HIGHLANDER,Men Slim Fit Self Design Cut Away Collar Casual Shirt,₹540,79% off,,Hot Deal
749,TECHNOSPORT,Men Sporty Crew Neck Polyester Green T-Shirt,₹342,10% off,,Hot Deal
750,SCOWET,Men Striped High Neck Polyester Green T-Shirt,₹266,79% off,,
751,HIGHLANDER,Men Graphic Print Round Neck Cotton Blend Black T-Shirt,₹314,82% off,,Hot Deal
752,The Souled Store,"Men Printed, Typography Round Neck Pure Cotton Maroon T...",₹949,5% off,,"Buy 2 items, save extra 5%"
753,FABDECK,Men Regular Fit Printed Cut Away Collar Casual Shirt,₹380,61% off,,
754,Jai Textiles,Men Slim Fit Checkered Spread Collar Casual Shirt,₹358,81% off,,
755,Glitchez,Men Printed Hooded Neck Cotton Blend Black T-Shirt,₹158,82% off,,Hot Deal
756,CAMPUS SUTRA,Men Regular Fit Solid Spread Collar Casual Shirt,₹569,70% off,,Hot Deal
757,Roadster,Men Colorblock Round Neck Pure Cotton Multicolor T-Shir...,₹335,52% off,,
758,Wearit,Men Solid Round Neck Cotton Blend Grey T-Shirt,₹178,87% off,,Hot Deal
759,Voroxy,Men Regular Fit Solid Spread Collar Casual Shirt,₹258,87% off,,Hot Deal
760,Veirdo,Oversized Men Solid Round Neck Pure Cotton Beige T-Shir...,₹379,65% off,,Hot Deal
761,Try This,"Men Checkered Zip Neck Cotton Blend Pink, Silver T-Shir...",₹275,72% off,,
762,KETCH,Men Slim Fit Printed Cut Away Collar Casual Shirt,₹162,87% off,,Hot Deal
763,Voroxy,Men Regular Fit Solid Spread Collar Casual Shirt,₹258,87% off,,Hot Deal
764,goodsign,Men Printed Round Neck Cotton Blend Black T-Shirt,₹381,61% off,,Hot Deal
765,Madilyn,Men Printed Round Neck Polycotton Purple T-Shirt,₹127,89% off,,Hot Deal
766,Force,Men Printed Round Neck Cotton Blend Black T-Shirt,₹215,89% off,,Hot Deal
767,EyeBogler,Men Printed Round Neck Cotton Blend White T-Shirt,₹252,80% off,,
768,VELLOSTA,Men Regular Fit Self Design Spread Collar Casual Shirt,₹303,79% off,,Hot Deal
769,Voroxy,Men Regular Fit Printed Spread Collar Casual Shirt,₹207,86% off,,
770,EyeBogler,Men Oversized Fit Solid Hood Collar Casual Shirt,₹383,84% off,,
771,BQF,Men Printed Round Neck Cotton Blend Black T-Shirt,₹246,75% off,,Hot Deal
772,DEARISE,Men Regular Fit Self Design Mandarin Collar Casual Shir...,₹335,83% off,,Hot Deal
773,CAMPUS SUTRA,Men Oversized Fit Solid Spread Collar Casual Shirt,₹399,80% off,,Hot Deal
774,PVS TREND,Men Printed Round Neck Cotton Blend Black T-Shirt,₹203,79% off,,
775,The Souled Store,Men Printed Round Neck Pure Cotton Grey T-Shirt,₹949,5% off,,"Buy 2 items, save extra 5%"
776,Jump Cuts,Men Self Design Round Neck Polyester White T-Shirt,₹217,81% off,,
777,Leotude,Men Printed Round Neck Cotton Blend Green T-Shirt,₹299,72% off,,Hot Deal
778,Magneto,Men Printed Round Neck Pure Cotton Navy Blue T-Shirt,₹268,79% off,,Hot Deal
779,THREEMINDS,"Men Printed, Typography Round Neck Cotton Blend Black T...",₹208,79% off,,Hot Deal
780,PVS TREND,Men Printed Round Neck Cotton Blend Black T-Shirt,₹203,79% off,,
781,Veirdo,Oversize Men Printed Round Neck Pure Cotton Beige T-Shi...,₹399,66% off,,Hot Deal
782,THE BEAR HOUSE,Men Regular Fit Checkered Spread Collar Casual Shirt,₹666,71% off,,Hot Deal
783,CAMPUS SUTRA,Men Regular Fit Checkered Spread Collar Casual Shirt,₹702,63% off,,Hot Deal
784,sti,Men Regular Fit Self Design Mandarin Collar Casual Shir...,₹178,Currently unavailable,,Hot Deal
785,Jump Cuts,"Men Printed Hooded Neck Cotton Blend Black, Red T-Shirt",₹402,77% off,,Hot Deal
786,The Souled Store,"Men Printed, Typography Round Neck Pure Cotton Purple T...",₹599,45% off,,Hot Deal
787,ON TREND,Men Printed Round Neck Polyester Black T-Shirt,₹205,77% off,,Hot Deal
788,Veirdo,"Oversized Men Printed, Typography Round Neck Pure Cotto...",₹399,66% off,,Hot Deal
789,THALASI,Men Graphic Print Crew Neck Cotton Blend White T-Shirt,₹408,72% off,,
790,youngcash,Men Solid Round Neck Cotton Blend Black T-Shirt,₹340,65% off,,
791,CAMPUS SUTRA,Men Regular Fit Solid Spread Collar Casual Shirt,₹379,80% off,,Hot Deal
792,Veirdo,Oversized Puff Print Men Printed Round Neck Pure Cotton...,₹399,66% off,,Hot Deal
793,RetroTees,Men Printed Round Neck Cotton Blend Beige T-Shirt,₹225,87% off,,
794,Jump Cuts,Men Printed Round Neck Cotton Blend Dark Blue T-Shirt,₹220,87% off,,Hot Deal
795,Conway,"Men Printed, Typography Round Neck Cotton Blend Grey T-...",₹172,73% off,,Hot Deal
796,EyeBogler,Men Colorblock High Neck Cotton Blend Navy Blue T-Shirt,₹246,81% off,,Hot Deal
797,Cool Plus,"Men Printed, Graphic Print Round Neck Cotton Blend Blac...",₹275,72% off,,Hot Deal
798,Veirdo,Oversize Men Typography Round Neck Pure Cotton Dark Blu...,₹399,66% off,,Hot Deal
799,PVS TREND,Men Graphic Print Round Neck Pure Cotton White T-Shirt,₹203,89% off,,Hot Deal
800,ERAGON FASHION,Men Graphic Print Round Neck Cotton Blend Red T-Shirt,₹207,79% off,,
801,DD Dark Drive,Men Graphic Print Round Neck Cotton Blend Purple T-Shir...,₹302,76% off,,Hot Deal
802,Voroxy,Popcorn Men Regular Fit Solid Lapel Collar Casual Shirt,₹258,87% off,,Hot Deal
803,Wearit,Men Solid Round Neck Cotton Blend Maroon T-Shirt,₹178,87% off,,Hot Deal
804,Hemline,Men Regular Fit Self Design Lapel Collar Casual Shirt,₹257,85% off,,Hot Deal
805,CAMPUS SUTRA,Men Colorblock Mandarin Collar Polycotton Grey T-Shirt,₹443,63% off,,Hot Deal
806,Kushi flyer,Men Printed Round Neck Cotton Blend White T-Shirt,₹189,81% off,,Hot Deal
807,BUKKL,Men Printed Round Neck Pure Cotton Black T-Shirt,₹351,82% off,,Hot Deal
808,Veirdo,Oversized Men Printed Round Neck Pure Cotton Purple T-S...,₹399,66% off,,Hot Deal
809,FUBAR,Men Slim Fit Printed Spread Collar Casual Shirt,₹268,86% off,,Hot Deal
810,KAJARU,Men Self Design Polo Neck Polycotton Brown T-Shirt,₹310,68% off,,
811,CAMPUS SUTRA,Men Regular Fit Printed Spread Collar Casual Shirt,₹683,64% off,,"Buy 2 items, save extra 5%"
812,Conway,"Men Printed, Typography Round Neck Cotton Blend Grey T-...",₹172,73% off,,Hot Deal
813,OTUS,Men Slim Fit Checkered Spread Collar Casual Shirt,₹368,80% off,,
814,MCC,"Men Printed Round Neck Polycotton White, Purple T-Shirt",₹155,85% off,,Hot Deal
815,VELLOSTA,Men Regular Fit Self Design Spread Collar Casual Shirt,₹303,79% off,,Hot Deal
816,Jump Cuts,"Men Printed Hooded Neck Cotton Blend Black, Red T-Shirt",₹371,79% off,,
817,CAMPUS SUTRA,Men Colorblock Polo Neck Polycotton Multicolor T-Shirt,₹594,65% off,,Hot Deal
818,BELACHY,Men Printed Henley Neck Polyester Blue T-Shirt,₹243,81% off,,Hot Deal
819,CAMPUS SUTRA,Men Solid Polo Neck Nylon Multicolor T-Shirt,₹749,50% off,,"Buy 2 items, save extra 5%"
820,HIGHLANDER,Men Solid Polo Neck Cotton Blend Purple T-Shirt,₹283,79% off,,Hot Deal
821,AVA Fashion,Men Printed Round Neck Cotton Blend Black T-Shirt,₹205,81% off,,Hot Deal
822,Cool Plus,Men Printed Round Neck Cotton Blend Black T-Shirt,₹319,68% off,,Hot Deal
823,Force,Men Regular Fit Self Design Casual Shirt,₹261,86% off,,
824,EyeBogler,Men Printed Round Neck Cotton Blend White T-Shirt,₹248,80% off,,
825,FTX,Men Printed Hooded Neck Polyester Navy Blue T-Shirt,₹162,76% off,,
826,METRONAUT,Men Regular Fit Printed Spread Collar Casual Shirt,₹299,80% off,,Hot Deal
827,CAMPUS SUTRA,Men Solid Polo Neck Polyester Green T-Shirt,₹469,53% off,,Hot Deal
828,RED CLOVER,Men Printed Hooded Neck Pure Cotton Black T-Shirt,₹227,88% off,,Hot Deal
829,SANBROS,Men Regular Fit Printed Spread Collar Casual Shirt,₹351,72% off,,
830,Jump Cuts,"Men Printed V Neck Cotton Blend Beige, Black T-Shirt",₹278,81% off,,
831,THREEMINDS,"Men Printed Round Neck Cotton Blend Black, Multicolor T...",₹216,78% off,,Hot Deal
832,SCOTT FINCHER,Men Graphic Print Round Neck Cotton Blend Beige T-Shirt,₹303,81% off,,Hot Deal
833,Kook N Keech,Men Solid Round Neck Pure Cotton White T-Shirt,₹252,74% off,,Hot Deal
834,Valveera,Men Regular Fit Self Design Casual Shirt,₹315,78% off,,Hot Deal
835,BEEFITS,Men Washed/Ombre Crew Neck Pure Cotton Blue T-Shirt,₹199,Currently unavailable,,Hot Deal
836,deslizar,"Men Printed, Typography Round Neck Cotton Blend Black T...",₹225,77% off,,Hot Deal
837,Veirdo,Oversized Men Solid Round Neck Pure Cotton Brown T-Shir...,₹379,65% off,,Hot Deal
838,Progo,Men Printed Round Neck Pure Cotton Brown T-Shirt,₹227,77% off,,
839,Relva,Oversized Men Printed Round Neck Cotton Blend Black T-S...,₹358,72% off,,
840,Voroxy,Men Regular Fit Striped Lapel Collar Casual Shirt,₹288,85% off,,
841,Jump Cuts,Men Typography Round Neck Cotton Blend Beige T-Shirt,₹216,85% off,,Hot Deal
842,COMBRAIDED,Men Regular Fit Self Design Casual Shirt,₹208,89% off,,Hot Deal
843,BQF,Men Printed Round Neck Cotton Blend Black T-Shirt,₹246,75% off,,Hot Deal
844,Leotude,Men Printed Round Neck Cotton Blend Black T-Shirt,₹299,72% off,,Hot Deal
845,Snitch,Men Relaxed Fit Fit Solid Spread Collar Casual Shirt,₹999,50% off,,"Buy 2 items, save extra 5%"
846,NB NICKY BOY,Men Printed Round Neck Cotton Blend Grey T-Shirt,₹135,79% off,,Hot Deal
847,Voroxy,Men Regular Fit Solid Spread Collar Casual Shirt,₹258,87% off,,Hot Deal
848,hkCreation,Men Typography Round Neck Cotton Blend Black T-Shirt,₹333,58% off,,Hot Deal
849,The Souled Store,Men Graphic Print Round Neck Pure Cotton Purple T-Shirt,₹599,40% off,,Hot Deal
850,Instafab Plus,Men Regular Fit Self Design Spread Collar Casual Shirt,₹749,70% off,,"Buy 2 items, save extra 5%"
851,Manlino,Men Graphic Print Round Neck Cotton Blend Black T-Shirt,₹244,77% off,,
852,Garmix,"Men Printed, Graphic Print Round Neck Cotton Blend Navy...",₹179,89% off,,Hot Deal
853,TECHNOSPORT,Men Sporty Crew Neck Polyester Green T-Shirt,₹342,10% off,,Hot Deal
854,PVS TREND,Men Printed Round Neck Cotton Blend Black T-Shirt,₹203,79% off,,
855,HIGHLANDER,Men Graphic Print Round Neck Cotton Blend Black T-Shirt,₹314,82% off,,Hot Deal
856,Veirdo,Oversize Men Printed Round Neck Pure Cotton Beige T-Shi...,₹399,66% off,,Hot Deal
857,Jai Textiles,Men Slim Fit Checkered Spread Collar Casual Shirt,₹358,81% off,,
858,Jump Cuts,Men Solid Round Neck Cotton Blend Dark Blue T-Shirt,₹220,87% off,,Hot Deal
859,CAMPUS SUTRA,Men Regular Fit Solid Spread Collar Casual Shirt,₹569,70% off,,Hot Deal
860,Wearit,Men Solid Round Neck Cotton Blend Grey T-Shirt,₹178,87% off,,Hot Deal
861,Voroxy,Men Regular Fit Solid Spread Collar Casual Shirt,₹258,87% off,,Hot Deal
862,Veirdo,Oversized Men Solid Round Neck Pure Cotton Beige T-Shir...,₹379,65% off,,Hot Deal
863,Try This,"Men Checkered Zip Neck Cotton Blend Pink, Silver T-Shir...",₹275,72% off,,
864,JUST ROAR,Men Printed Round Neck Cotton Blend Black T-Shirt,₹278,74% off,,
865,The Indian Garage Co.,Men Slim Fit Solid Cut Away Collar Casual Shirt,₹545,74% off,,Hot Deal
866,KETCH,Men Slim Fit Printed Cut Away Collar Casual Shirt,₹162,87% off,,Hot Deal
867,Voroxy,Men Regular Fit Solid Spread Collar Casual Shirt,₹258,87% off,,Hot Deal
868,goodsign,Men Printed Round Neck Cotton Blend Black T-Shirt,₹381,61% off,,Hot Deal
869,MANIAC,"Men Typography Round Neck Pure Cotton Beige, Black T-Sh...",₹430,74% off,,Hot Deal
870,ZORI,"Men Typography, Graphic Print Round Neck Polyester Whit...",₹178,70% off,,Hot Deal
871,Glitchez,Men Printed Hooded Neck Cotton Blend Black T-Shirt,₹158,82% off,,Hot Deal
872,Madilyn,Men Printed Round Neck Polycotton Purple T-Shirt,₹127,89% off,,Hot Deal
873,Force,Men Printed Round Neck Cotton Blend Black T-Shirt,₹215,89% off,,Hot Deal
874,U TURN,Men Slim Fit Checkered Spread Collar Casual Shirt,₹348,81% off,,
875,VELLOSTA,Men Regular Fit Self Design Spread Collar Casual Shirt,₹303,79% off,,Hot Deal
876,Voroxy,Men Regular Fit Printed Spread Collar Casual Shirt,₹207,86% off,,
877,EyeBogler,Men Oversized Fit Solid Hood Collar Casual Shirt,₹383,84% off,,
878,BQF,Men Printed Round Neck Cotton Blend Black T-Shirt,₹246,75% off,,Hot Deal
879,DEARISE,Men Regular Fit Self Design Mandarin Collar Casual Shir...,₹335,83% off,,Hot Deal
880,BQF,Men Printed Round Neck Cotton Blend Black T-Shirt,₹246,75% off,,Hot Deal
881,DEARISE,Men Regular Fit Self Design Mandarin Collar Casual Shir...,₹335,83% off,,Hot Deal
882,CAMPUS SUTRA,Men Oversized Fit Solid Spread Collar Casual Shirt,₹399,80% off,,Hot Deal
883,PVS TREND,Men Printed Round Neck Cotton Blend Black T-Shirt,₹203,79% off,,
884,The Souled Store,Men Printed Round Neck Pure Cotton Grey T-Shirt,₹949,5% off,,"Buy 2 items, save extra 5%"
885,ZORI,"Men Typography, Graphic Print Round Neck Polyester Whit...",₹178,70% off,,Hot Deal
886,Jump Cuts,Men Self Design Round Neck Polyester White T-Shirt,₹217,81% off,,
887,Leotude,Men Printed Round Neck Cotton Blend Green T-Shirt,₹299,72% off,,Hot Deal
888,The Souled Store,Men Cartoon Round Neck Pure Cotton Brown T-Shirt,₹849,39% off,,Hot Deal
889,Magneto,Men Printed Round Neck Pure Cotton Navy Blue T-Shirt,₹268,79% off,,Hot Deal
890,THREEMINDS,"Men Printed, Typography Round Neck Cotton Blend Black T...",₹208,79% off,,Hot Deal
891,PVS TREND,Men Printed Round Neck Cotton Blend Black T-Shirt,₹203,79% off,,
892,Veirdo,Oversize Men Printed Round Neck Pure Cotton Beige T-Shi...,₹399,66% off,,Hot Deal
893,THE BEAR HOUSE,Men Regular Fit Checkered Spread Collar Casual Shirt,₹666,71% off,,Hot Deal
894,CAMPUS SUTRA,Men Regular Fit Checkered Spread Collar Casual Shirt,₹702,63% off,,Hot Deal
895,sti,Men Regular Fit Self Design Mandarin Collar Casual Shir...,₹178,Currently unavailable,,Hot Deal
896,Jump Cuts,"Men Printed Hooded Neck Cotton Blend Black, Red T-Shirt",₹402,77% off,,Hot Deal
897,The Souled Store,"Men Printed, Typography Round Neck Pure Cotton Purple T...",₹599,45% off,,Hot Deal
898,ON TREND,Men Printed Round Neck Polyester Black T-Shirt,₹205,77% off,,Hot Deal
899,Voroxy,Men Regular Fit Solid Spread Collar Casual Shirt,₹258,87% off,,Hot Deal
900,Veirdo,"Oversized Men Printed, Typography Round Neck Pure Cotto...",₹399,66% off,,Hot Deal
901,CAMPUS SUTRA,Men Solid Polo Neck Polycotton Multicolor T-Shirt,₹524,65% off,,Hot Deal
902,THALASI,Men Graphic Print Crew Neck Cotton Blend White T-Shirt,₹408,72% off,,
903,youngcash,Men Solid Round Neck Cotton Blend Black T-Shirt,₹340,65% off,,
904,CAMPUS SUTRA,Men Regular Fit Solid Spread Collar Casual Shirt,₹379,80% off,,Hot Deal
905,Veirdo,Oversized Puff Print Men Printed Round Neck Pure Cotton...,₹399,66% off,,Hot Deal
906,RetroTees,Men Printed Round Neck Cotton Blend Beige T-Shirt,₹225,87% off,,
907,Jump Cuts,Men Printed Round Neck Cotton Blend Dark Blue T-Shirt,₹220,87% off,,Hot Deal
908,Conway,"Men Printed, Typography Round Neck Cotton Blend Grey T-...",₹172,73% off,,Hot Deal
909,EyeBogler,Men Colorblock High Neck Cotton Blend Navy Blue T-Shirt,₹246,81% off,,Hot Deal
910,Cool Plus,"Men Printed, Graphic Print Round Neck Cotton Blend Blac...",₹275,72% off,,Hot Deal
911,Veirdo,Oversize Men Typography Round Neck Pure Cotton Dark Blu...,₹399,66% off,,Hot Deal
912,PVS TREND,Men Graphic Print Round Neck Pure Cotton White T-Shirt,₹203,89% off,,Hot Deal
913,fitoda fashion,"Men Regular, Super Slim Fit Self Design Ribbed Collar C...",₹225,84% off,,
914,Jump Cuts,"Men Printed Round Neck Cotton Blend Green, Black T-Shir...",₹222,84% off,,Hot Deal
915,Pronk,Men Printed Round Neck Pure Cotton Black T-Shirt,₹472,68% off,,Hot Deal
916,DRIPIN,Men Printed Crew Neck Polycotton Black T-Shirt,₹400,59% off,,
917,Cool Plus,Men Printed Round Neck Cotton Blend Black T-Shirt,₹313,68% off,,Hot Deal
918,Jump Cuts,"Men Printed Polo Neck Cotton Blend Beige, Black T-Shirt",₹330,78% off,,
919,LGR FASHION,Men Printed Round Neck Cotton Blend Red T-Shirt,₹215,88% off,,Hot Deal
920,ON TREND,Men Printed Round Neck Polyester Black T-Shirt,₹178,80% off,,Hot Deal
921,BEWAKOOF,Venom Men Graphic Print Round Neck Pure Cotton Black T-...,₹699,61% off,,"Buy 2 items, save extra 5%"
922,Try This,Men Colorblock Zip Neck Cotton Blend Beige T-Shirt,₹278,72% off,,Hot Deal
923,Dattebayo,"Men Self Design Polo Neck Cotton Blend White, Black T-S...",₹360,63% off,,
924,Tanip,Men Regular Fit Solid Spread Collar Casual Shirt,₹356,74% off,,Hot Deal
925,Leotude,Men Printed Round Neck Cotton Blend Green T-Shirt,₹295,73% off,,Hot Deal
926,MANIAC,Men Solid Round Neck Pure Cotton Black T-Shirt,₹322,86% off,,Hot Deal
927,Magneto,Men Printed Round Neck Pure Cotton White T-Shirt,₹278,72% off,,Hot Deal
928,Leotude,Men Tie & Dye Round Neck Cotton Blend Grey T-Shirt,₹299,72% off,,
929,Force,Men Graphic Print Round Neck Polyester Purple T-Shirt,₹220,88% off,,Hot Deal
930,Garmix,"Men Printed, Graphic Print Round Neck Cotton Blend Blac...",₹215,87% off,,
931,HIGHLANDER,Men Slim Fit Self Design Cut Away Collar Casual Shirt,₹540,79% off,,Hot Deal
932,Manlino,Men Printed Round Neck Cotton Blend Black T-Shirt,₹244,77% off,,Hot Deal
933,Smosh,Men Printed Round Neck Cotton Blend Black T-Shirt,₹230,88% off,,Hot Deal
934,HIGHLANDER,Men Relaxed Fit Fit Self Design Cut Away Collar Casual ...,₹650,79% off,,Hot Deal
935,THALASI,Men Printed Round Neck Cotton Blend Green T-Shirt,₹319,73% off,,Hot Deal
936,BQF,Men Printed Round Neck Cotton Blend Black T-Shirt,₹246,75% off,,Hot Deal
937,PD TRENDS,Men Graphic Print Round Neck Pure Cotton Black T-Shirt,₹459,69% off,,
938,BEWAKOOF,Oversized Men Graphic Print Round Neck Pure Cotton Whit...,₹649,50% off,,Hot Deal
939,Khushi Creation,Men Regular Fit Self Design Spread Collar Casual Shirt,₹322,53% off,,
940,The Souled Store,Men Embroidered Polo Neck Cotton Blend White T-Shirt,₹849,46% off,,Hot Deal
941,Jump Cuts,Men Typography Polo Neck Cotton Blend Blue T-Shirt,₹346,82% off,,Hot Deal
942,Cool Plus,Men Printed Round Neck Cotton Blend Pink T-Shirt,₹365,63% off,,
943,BQF,Men Printed Round Neck Cotton Blend Black T-Shirt,₹246,75% off,,Hot Deal
944,Veirdo,Oversized Men Printed Round Neck Pure Cotton Brown T-Sh...,₹399,66% off,,Hot Deal
945,ORIGINAL CREATOR,Men Printed Round Neck Pure Cotton White T-Shirt,₹235,84% off,,Hot Deal
946,FTX,Men Solid Polo Neck Polyester Dark Blue T-Shirt,₹256,74% off,,Hot Deal
947,SCOTT FINCHER,Men Printed Round Neck Cotton Blend Black T-Shirt,₹248,77% off,,Hot Deal
948,CAMPUS SUTRA,Men Self Design Polo Neck Polycotton Brown T-Shirt,₹764,55% off,,"Buy 2 items, save extra 5%"
949,Veirdo,Oversized Men Solid Round Neck Pure Cotton Pink T-Shirt,₹399,63% off,,"Buy 2 items, save extra 5%"
950,Cool Plus,Men Graphic Print Round Neck Cotton Blend Blue T-Shirt,₹306,69% off,,Hot Deal
951,Garmin,Men Printed Round Neck Pure Cotton Black T-Shirt,₹240,81% off,,
952,Voroxy,Men Regular Fit Solid Spread Collar Casual Shirt,₹258,87% off,,Hot Deal
953,Voroxy,Men Regular Fit Printed Spread Collar Casual Shirt,₹207,86% off,,
954,Veirdo,Oversized Men Printed Round Neck Pure Cotton Black T-Sh...,₹399,66% off,,Hot Deal
955,Macknit,Men Printed Round Neck Cotton Blend Black T-Shirt,₹238,88% off,,
956,MEG,Men Printed Round Neck Cotton Blend Maroon T-Shirt,₹302,69% off,,
957,CAMPUS SUTRA,Men Regular Fit Solid Spread Collar Casual Shirt,₹474,75% off,,Hot Deal
958,FOXTER,Men Regular Fit Solid Spread Collar Casual Shirt,₹320,78% off,,
959,The Souled Store,Men Printed Round Neck Pure Cotton White T-Shirt,₹599,42% off,,Hot Deal
960,jibber jabber,"Men Graphic Print, Sporty Round Neck Cotton Blend Black...",₹316,84% off,,Hot Deal
961,Bullmer,Men Striped Polo Neck Cotton Blend Purple T-Shirt,₹433,78% off,,Hot Deal
962,EyeBogler,Men Colorblock High Neck Cotton Blend Maroon T-Shirt,₹246,81% off,,Hot Deal
963,CLOFLIX,Men Printed Round Neck Cotton Blend Black T-Shirt,₹227,77% off,,Hot Deal
964,Roadster,Men Graphic Print Round Neck Cotton Blend White T-Shirt,₹287,Currently unavailable,,Hot Deal
965,EyeBogler,Men Colorblock High Neck Cotton Blend Blue T-Shirt,₹252,80% off,,Hot Deal
966,Instafab Plus,Men Solid Polo Neck Polycotton Pink T-Shirt,₹439,80% off,,Hot Deal
967,Jai Textiles,Men Slim Fit Checkered Spread Collar Casual Shirt,₹381,79% off,,
968,TRIPR,"Men Printed Polo Neck Cotton Blend Black, White T-Shirt",₹293,70% off,,Hot Deal
969,BUKKL,Men Printed Round Neck Pure Cotton Black T-Shirt,₹296,85% off,,
970,SHABIB,Men Graphic Print Round Neck Cotton Blend White T-Shirt,₹358,64% off,,
971,BUKKL,Men Printed Round Neck Pure Cotton Black T-Shirt,₹283,85% off,,Hot Deal
972,YUVAA TRENDZ,Men Printed Round Neck Polyester Black T-Shirt,₹153,78% off,,
973,Kushi flyer,"Men Graphic Print, Printed Round Neck Cotton Blend Whit...",₹175,82% off,,Hot Deal
974,CAMPUS SUTRA,Men Solid Polo Neck Polycotton Brown T-Shirt,₹339,80% off,,Hot Deal
975,HKV FASHION,Men Regular Fit Striped Spread Collar Casual Shirt,₹260,86% off,,Hot Deal
976,MEG,Men Typography Round Neck Cotton Blend Multicolor T-Shi...,₹302,69% off,,Hot Deal
977,Garmix,Men Solid Round Neck Cotton Blend Maroon T-Shirt,₹179,91% off,,
978,EBRANDLADY TRENDZ,Men Regular Fit Self Design Cut Away Collar Casual Shir...,₹344,56% off,,Hot Deal
979,Webric,Men Comfort Fit Fit Self Design Spread Collar Casual Sh...,₹275,78% off,,Hot Deal
980,Kushi flyer,Men Printed Round Neck Cotton Blend White T-Shirt,₹189,81% off,,Hot Deal
981,Kook N Keech,"Men Printed, Typography Round Neck Pure Cotton Black T-...",₹262,76% off,,Hot Deal
982,Voroxy,Men Regular Fit Striped Lapel Collar Casual Shirt,₹288,85% off,,
983,Garmin,Men Printed Round Neck Pure Cotton Black T-Shirt,₹240,81% off,,
984,COMBRAIDED,Men Slim Fit Solid Cut Away Collar Casual Shirt,₹205,86% off,,Hot Deal
985,Leotude,Men Printed Round Neck Cotton Blend Yellow T-Shirt,₹299,72% off,,Hot Deal
986,TripBroz,Men Solid Round Neck Cotton Blend Red T-Shirt,₹228,84% off,,
987,Voroxy,Men Regular Fit Self Design Lapel Collar Casual Shirt,₹258,87% off,,
988,EyeBogler,"Men Colorblock High Neck Cotton Blend Black, Grey T-Shi...",₹272,79% off,,Hot Deal
989,EVIQE,Men Regular Fit Solid Spread Collar Casual Shirt,₹305,84% off,,
990,Veirdo,"Oversized Men Printed, Typography Round Neck Pure Cotto...",₹399,60% off,,"Buy 2 items, save extra 5%"
991,MAX,Men Printed Round Neck Pure Cotton Green T-Shirt,₹224,10% off,,Hot Deal
992,Double One,Men Regular Fit Solid Casual Shirt,₹561,71% off,,Hot Deal
993,MEG,Men Graphic Print Round Neck Cotton Blend Purple T-Shir...,₹338,66% off,,
994,Manlino,Men Graphic Print Round Neck Cotton Blend Black T-Shirt,₹244,77% off,,
995,U TURN,Men Slim Fit Striped Spread Collar Casual Shirt,₹360,81% off,,
996,The Souled Store,Men Graphic Print Round Neck Pure Cotton Navy Blue T-Sh...,₹649,67% off,,Hot Deal
997,INDICLUB,Men Regular Fit Self Design Spread Collar Casual Shirt,₹178,82% off,,Hot Deal
998,JACKBELLA,Men Regular Fit Self Design Casual Shirt,₹278,81% off,,Hot Deal
999,Surhi,Men Oversized Fit Printed Spread Collar Casual Shirt,₹222,88% off,,Hot Deal
